position,name,player_url,club_team,club_url,group,international_team
Goalkeeper,Matěj Kovář,/wiki/Mat%C4%9Bj_Kov%C3%A1%C5%99,PSV Eindhoven,/wiki/PSV_Eindhoven,A,Czech Republic
Defender,David Zima,/wiki/David_Zima,Slavia Prague,/wiki/SK_Slavia_Prague,A,Czech Republic
Defender,Tomáš Holeš,/wiki/Tom%C3%A1%C5%A1_Hole%C5%A1,Slavia Prague,/wiki/SK_Slavia_Prague,A,Czech Republic
Defender,Robin Hranáč,/wiki/Robin_Hran%C3%A1%C4%8D,TSG Hoffenheim,/wiki/TSG_1899_Hoffenheim,A,Czech Republic
Defender,Vladimír Coufal,/wiki/Vladim%C3%ADr_Coufal,TSG Hoffenheim,/wiki/TSG_1899_Hoffenheim,A,Czech Republic
Defender,Štěpán Chaloupek,/wiki/%C5%A0t%C4%9Bp%C3%A1n_Chaloupek,Slavia Prague,/wiki/SK_Slavia_Prague,A,Czech Republic
Defender,Ladislav Krejčí,"/wiki/Ladislav_Krej%C4%8D%C3%AD_(footballer,_born_1999)",Wolverhampton Wanderers,/wiki/Wolverhampton_Wanderers_F.C.,A,Czech Republic
Midfielder,Vladimír Darida,/wiki/Vladim%C3%ADr_Darida,Hradec Králové,/wiki/FC_Hradec_Kr%C3%A1lov%C3%A9,A,Czech Republic
Forward,Adam Hložek,/wiki/Adam_Hlo%C5%BEek,TSG Hoffenheim,/wiki/TSG_1899_Hoffenheim,A,Czech Republic
Forward,Patrik Schick,/wiki/Patrik_Schick,Bayer Leverkusen,/wiki/Bayer_04_Leverkusen,A,Czech Republic
Forward,Jan Kuchta,/wiki/Jan_Kuchta,Sparta Prague,/wiki/AC_Sparta_Prague,A,Czech Republic
Midfielder,Lukáš Červ,/wiki/Luk%C3%A1%C5%A1_%C4%8Cerv,Viktoria Plzeň,/wiki/FC_Viktoria_Plze%C5%88,A,Czech Republic
Forward,Mojmír Chytil,/wiki/Mojm%C3%ADr_Chytil,Slavia Prague,/wiki/SK_Slavia_Prague,A,Czech Republic
Defender,David Jurásek,/wiki/David_Jur%C3%A1sek,Slavia Prague,/wiki/SK_Slavia_Prague,A,Czech Republic
Forward,Pavel Šulc,/wiki/Pavel_%C5%A0ulc,Lyon,/wiki/Olympique_Lyonnais,A,Czech Republic
Goalkeeper,Jindřich Staněk,/wiki/Jind%C5%99ich_Stan%C4%9Bk,Slavia Prague,/wiki/SK_Slavia_Prague,A,Czech Republic
Midfielder,Lukáš Provod,/wiki/Luk%C3%A1%C5%A1_Provod,Slavia Prague,/wiki/SK_Slavia_Prague,A,Czech Republic
Midfielder,Michal Sadílek,/wiki/Michal_Sad%C3%ADlek,Slavia Prague,/wiki/SK_Slavia_Prague,A,Czech Republic
Forward,Tomáš Chorý,/wiki/Tom%C3%A1%C5%A1_Chor%C3%BD,Slavia Prague,/wiki/SK_Slavia_Prague,A,Czech Republic
Defender,Jaroslav Zelený,/wiki/Jaroslav_Zelen%C3%BD,Sparta Prague,/wiki/AC_Sparta_Prague,A,Czech Republic
Defender,David Douděra,/wiki/David_Doud%C4%9Bra,Slavia Prague,/wiki/SK_Slavia_Prague,A,Czech Republic
Midfielder,Tomáš Souček,/wiki/Tom%C3%A1%C5%A1_Sou%C4%8Dek,West Ham United,/wiki/West_Ham_United_F.C.,A,Czech Republic
Goalkeeper,Lukáš Horníček,/wiki/Luk%C3%A1%C5%A1_Horn%C3%AD%C4%8Dek,Braga,/wiki/S.C._Braga,A,Czech Republic
Midfielder,Alexandr Sojka,/wiki/Alexandr_Sojka,Viktoria Plzeň,/wiki/FC_Viktoria_Plze%C5%88,A,Czech Republic
Midfielder,Hugo Sochůrek,/wiki/Hugo_Soch%C5%AFrek,Sparta Prague,/wiki/AC_Sparta_Prague,A,Czech Republic
Forward,Denis Višinský,/wiki/Denis_Vi%C5%A1insk%C3%BD,Viktoria Plzeň,/wiki/FC_Viktoria_Plze%C5%88,A,Czech Republic
Goalkeeper,Raúl Rangel,/wiki/Ra%C3%BAl_Rangel_(footballer),Guadalajara,/wiki/C.D._Guadalajara,A,Mexico
Defender,Jorge Sánchez,"/wiki/Jorge_S%C3%A1nchez_(footballer,_born_1997)",PAOK,/wiki/PAOK_FC,A,Mexico
Defender,César Montes,/wiki/C%C3%A9sar_Montes,Lokomotiv Moscow,/wiki/FC_Lokomotiv_Moscow,A,Mexico
Defender,Edson Álvarez,/wiki/Edson_%C3%81lvarez,Fenerbahçe,/wiki/Fenerbah%C3%A7e_S.K._(football),A,Mexico
Defender,Johan Vásquez,"/wiki/Johan_V%C3%A1squez_(footballer,_born_1998)",Genoa,/wiki/Genoa_CFC,A,Mexico
Midfielder,Érik Lira,/wiki/%C3%89rik_Lira,Cruz Azul,/wiki/Cruz_Azul,A,Mexico
Midfielder,Luis Romo,/wiki/Luis_Romo,Guadalajara,/wiki/C.D._Guadalajara,A,Mexico
Midfielder,Álvaro Fidalgo,/wiki/%C3%81lvaro_Fidalgo,Real Betis,/wiki/Real_Betis,A,Mexico
Forward,Raúl Jiménez,/wiki/Ra%C3%BAl_Jim%C3%A9nez,Fulham,/wiki/Fulham_F.C.,A,Mexico
Forward,Alexis Vega,/wiki/Alexis_Vega_(Mexican_footballer),Toluca,/wiki/Toluca_FC,A,Mexico
Forward,Santiago Giménez,/wiki/Santiago_Gim%C3%A9nez,Milan,/wiki/AC_Milan,A,Mexico
Goalkeeper,Carlos Acevedo,/wiki/Carlos_Acevedo,Santos Laguna,/wiki/Santos_Laguna,A,Mexico
Goalkeeper,Guillermo Ochoa,/wiki/Guillermo_Ochoa,AEL Limassol,/wiki/AEL_Limassol,A,Mexico
Forward,Armando González,"/wiki/Armando_Gonz%C3%A1lez_(footballer,_born_2003)",Guadalajara,/wiki/C.D._Guadalajara,A,Mexico
Defender,Israel Reyes,/wiki/Israel_Reyes,América,/wiki/Club_Am%C3%A9rica,A,Mexico
Forward,Julián Quiñones,/wiki/Juli%C3%A1n_Qui%C3%B1ones,Al-Qadsiah,/wiki/Al_Qadsiah_FC,A,Mexico
Midfielder,Orbelín Pineda,/wiki/Orbel%C3%ADn_Pineda,AEK Athens,/wiki/AEK_Athens_F.C.,A,Mexico
Midfielder,Obed Vargas,/wiki/Obed_Vargas,Atlético Madrid,/wiki/Atl%C3%A9tico_Madrid,A,Mexico
Midfielder,Gilberto Mora,"/wiki/Gilberto_Mora_(footballer,_born_2008)",Tijuana,/wiki/Club_Tijuana,A,Mexico
Defender,Mateo Chávez,/wiki/Mateo_Ch%C3%A1vez,AZ,/wiki/AZ_Alkmaar,A,Mexico
Forward,César Huerta,/wiki/C%C3%A9sar_Huerta,Anderlecht,/wiki/RSC_Anderlecht,A,Mexico
Forward,Guillermo Martínez,/wiki/Guillermo_Mart%C3%ADnez_(footballer),Pumas UNAM,/wiki/Pumas_UNAM,A,Mexico
Defender,Jesús Gallardo,/wiki/Jes%C3%BAs_Gallardo,Toluca,/wiki/Toluca_FC,A,Mexico
Midfielder,Luis Chávez,/wiki/Luis_Ch%C3%A1vez_(footballer),Dynamo Moscow,/wiki/FC_Dynamo_Moscow,A,Mexico
Forward,Roberto Alvarado,/wiki/Roberto_Alvarado,Guadalajara,/wiki/C.D._Guadalajara,A,Mexico
Midfielder,Brian Gutiérrez,/wiki/Brian_Guti%C3%A9rrez,Guadalajara,/wiki/C.D._Guadalajara,A,Mexico
Goalkeeper,Ronwen Williams,/wiki/Ronwen_Williams,Mamelodi Sundowns,/wiki/Mamelodi_Sundowns_F.C.,A,South Africa
Defender,Thabang Matuludi,/wiki/Thabang_Matuludi,Polokwane City,/wiki/Polokwane_City_F.C.,A,South Africa
Defender,Khulumani Ndamane,/wiki/Khulumani_Ndamane,Mamelodi Sundowns,/wiki/Mamelodi_Sundowns_F.C.,A,South Africa
Midfielder,Teboho Mokoena,"/wiki/Teboho_Mokoena_(soccer,_born_1997)",Mamelodi Sundowns,/wiki/Mamelodi_Sundowns_F.C.,A,South Africa
Midfielder,Thalente Mbatha,/wiki/Thalente_Mbatha,Orlando Pirates,/wiki/Orlando_Pirates_F.C.,A,South Africa
Defender,Aubrey Modiba,/wiki/Aubrey_Modiba,Mamelodi Sundowns,/wiki/Mamelodi_Sundowns_F.C.,A,South Africa
Forward,Oswin Appollis,/wiki/Oswin_Appollis,Orlando Pirates,/wiki/Orlando_Pirates_F.C.,A,South Africa
Forward,Tshepang Moremi,/wiki/Tshepang_Moremi,Orlando Pirates,/wiki/Orlando_Pirates_F.C.,A,South Africa
Forward,Lyle Foster,/wiki/Lyle_Foster,Burnley,/wiki/Burnley_F.C.,A,South Africa
Forward,Relebohile Mofokeng,/wiki/Relebohile_Mofokeng,Orlando Pirates,/wiki/Orlando_Pirates_F.C.,A,South Africa
Midfielder,Themba Zwane,/wiki/Themba_Zwane,Mamelodi Sundowns,/wiki/Mamelodi_Sundowns_F.C.,A,South Africa
Forward,Thapelo Maseko,/wiki/Thapelo_Maseko,AEL Limassol,/wiki/AEL_Limassol,A,South Africa
Midfielder,Sphephelo Sithole,/wiki/Sphephelo_Sithole,Tondela,/wiki/C.D._Tondela,A,South Africa
Defender,Mbekezeli Mbokazi,/wiki/Mbekezeli_Mbokazi,Chicago Fire FC,/wiki/Chicago_Fire_FC,A,South Africa
Forward,Iqraam Rayners,/wiki/Iqraam_Rayners,Mamelodi Sundowns,/wiki/Mamelodi_Sundowns_F.C.,A,South Africa
Goalkeeper,Sipho Chaine,/wiki/Sipho_Chaine,Orlando Pirates,/wiki/Orlando_Pirates_F.C.,A,South Africa
Forward,Evidence Makgopa,/wiki/Evidence_Makgopa,Orlando Pirates,/wiki/Orlando_Pirates_F.C.,A,South Africa
Defender,Samukele Kabini,/wiki/Samukele_Kabini,Molde,/wiki/Molde_FK,A,South Africa
Defender,Nkosinathi Sibisi,/wiki/Nkosinathi_Sibisi,Orlando Pirates,/wiki/Orlando_Pirates_F.C.,A,South Africa
Defender,Khuliso Mudau,/wiki/Khuliso_Mudau,Mamelodi Sundowns,/wiki/Mamelodi_Sundowns_F.C.,A,South Africa
Defender,Ime Okon,/wiki/Ime_Okon,Hannover 96,/wiki/Hannover_96,A,South Africa
Goalkeeper,Ricardo Goss,/wiki/Ricardo_Goss,Siwelele,/wiki/Siwelele_F.C.,A,South Africa
Midfielder,Jayden Adams,/wiki/Jayden_Adams,Mamelodi Sundowns,/wiki/Mamelodi_Sundowns_F.C.,A,South Africa
Defender,Olwethu Makhanya,/wiki/Olwethu_Makhanya,Philadelphia Union,/wiki/Philadelphia_Union,A,South Africa
Forward,Kamogelo Sebelebele,/wiki/Kamogelo_Sebelebele,Orlando Pirates,/wiki/Orlando_Pirates_F.C.,A,South Africa
Defender,Bradley Cross,/wiki/Bradley_Cross_(soccer),Kaizer Chiefs,/wiki/Kaizer_Chiefs_F.C.,A,South Africa
Goalkeeper,Kim Seung-gyu,/wiki/Kim_Seung-gyu,FC Tokyo,/wiki/FC_Tokyo,A,South Korea
Defender,Lee Han-beom,/wiki/Lee_Han-beom,Midtjylland,/wiki/FC_Midtjylland,A,South Korea
Midfielder,Lee Gi-hyuk,/wiki/Lee_Gi-hyuk,Gangwon FC,/wiki/Gangwon_FC,A,South Korea
Defender,Kim Min-jae,/wiki/Kim_Min-jae_(footballer),Bayern Munich,/wiki/FC_Bayern_Munich,A,South Korea
Defender,Kim Tae-hyeon,/wiki/Kim_Tae-hyeon,Kashima Antlers,/wiki/Kashima_Antlers,A,South Korea
Midfielder,Hwang In-beom,/wiki/Hwang_In-beom,Feyenoord,/wiki/Feyenoord,A,South Korea
Forward,Son Heung-min,/wiki/Son_Heung-min,Los Angeles FC,/wiki/Los_Angeles_FC,A,South Korea
Midfielder,Paik Seung-ho,/wiki/Paik_Seung-ho,Birmingham City,/wiki/Birmingham_City_F.C.,A,South Korea
Forward,Cho Gue-sung,/wiki/Cho_Gue-sung,Midtjylland,/wiki/FC_Midtjylland,A,South Korea
Midfielder,Lee Jae-sung,/wiki/Lee_Jae-sung,Mainz 05,/wiki/1._FSV_Mainz_05,A,South Korea
Midfielder,Hwang Hee-chan,/wiki/Hwang_Hee-chan,Wolverhampton Wanderers,/wiki/Wolverhampton_Wanderers_F.C.,A,South Korea
Goalkeeper,Song Bum-keun,/wiki/Song_Bum-keun,Jeonbuk Hyundai Motors,/wiki/Jeonbuk_Hyundai_Motors,A,South Korea
Defender,Lee Tae-seok,/wiki/Lee_Tae-seok,Austria Wien,/wiki/FK_Austria_Wien,A,South Korea
Defender,Cho Wi-je,/wiki/Cho_Wi-je,Jeonbuk Hyundai Motors,/wiki/Jeonbuk_Hyundai_Motors,A,South Korea
Defender,Kim Moon-hwan,/wiki/Kim_Moon-hwan,Daejeon Hana Citizen,/wiki/Daejeon_Hana_Citizen,A,South Korea
Defender,Park Jin-seob,"/wiki/Park_Jin-seob_(footballer,_born_1995)",Zhejiang,/wiki/Zhejiang_Professional_F.C.,A,South Korea
Midfielder,Bae Jun-ho,/wiki/Bae_Jun-ho,Stoke City,/wiki/Stoke_City_F.C.,A,South Korea
Forward,Oh Hyeon-gyu,/wiki/Oh_Hyeon-gyu,Beşiktaş,/wiki/Be%C5%9Fikta%C5%9F_J.K.,A,South Korea
Midfielder,Lee Kang-in,/wiki/Lee_Kang-in,Paris Saint-Germain,/wiki/Paris_Saint-Germain_FC,A,South Korea
Midfielder,Yang Hyun-jun,/wiki/Yang_Hyun-jun,Celtic,/wiki/Celtic_F.C.,A,South Korea
Goalkeeper,Jo Hyeon-woo,/wiki/Jo_Hyeon-woo,Ulsan HD,/wiki/Ulsan_HD_FC,A,South Korea
Defender,Seol Young-woo,/wiki/Seol_Young-woo,Red Star Belgrade,/wiki/Red_Star_Belgrade,A,South Korea
Defender,Jens Castrop,/wiki/Jens_Castrop,Borussia Mönchengladbach,/wiki/Borussia_M%C3%B6nchengladbach,A,South Korea
Midfielder,Kim Jin-gyu,"/wiki/Kim_Jin-gyu_(footballer,_born_1997)",Jeonbuk Hyundai Motors,/wiki/Jeonbuk_Hyundai_Motors,A,South Korea
Midfielder,Eom Ji-sung,/wiki/Eom_Ji-sung,Swansea City,/wiki/Swansea_City_A.F.C.,A,South Korea
Midfielder,Lee Dong-gyeong,/wiki/Lee_Dong-gyeong,Ulsan HD,/wiki/Ulsan_HD_FC,A,South Korea
Goalkeeper,Nikola Vasilj,/wiki/Nikola_Vasilj,FC St. Pauli,/wiki/FC_St._Pauli,B,Bosnia and Herzegovina
Defender,Nihad Mujakić,/wiki/Nihad_Mujaki%C4%87,Gaziantep,/wiki/Gaziantep_F.K.,B,Bosnia and Herzegovina
Defender,Dennis Hadžikadunić,/wiki/Dennis_Had%C5%BEikaduni%C4%87,Sampdoria,/wiki/UC_Sampdoria,B,Bosnia and Herzegovina
Defender,Tarik Muharemović,/wiki/Tarik_Muharemovi%C4%87,Sassuolo,/wiki/US_Sassuolo_Calcio,B,Bosnia and Herzegovina
Defender,Sead Kolašinac,/wiki/Sead_Kola%C5%A1inac,Atalanta,/wiki/Atalanta_BC,B,Bosnia and Herzegovina
Midfielder,Benjamin Tahirović,/wiki/Benjamin_Tahirovi%C4%87,Brøndby,/wiki/Br%C3%B8ndby_IF,B,Bosnia and Herzegovina
Defender,Amar Dedić,/wiki/Amar_Dedi%C4%87,Benfica,/wiki/S.L._Benfica,B,Bosnia and Herzegovina
Midfielder,Armin Gigović,/wiki/Armin_Gigovi%C4%87,Young Boys,/wiki/BSC_Young_Boys,B,Bosnia and Herzegovina
Forward,Samed Baždar,/wiki/Samed_Ba%C5%BEdar,Jagiellonia Białystok,/wiki/Jagiellonia_Bia%C5%82ystok,B,Bosnia and Herzegovina
Forward,Ermedin Demirović,/wiki/Ermedin_Demirovi%C4%87,VfB Stuttgart,/wiki/VfB_Stuttgart,B,Bosnia and Herzegovina
Forward,Edin Džeko,/wiki/Edin_D%C5%BEeko,Schalke 04,/wiki/FC_Schalke_04,B,Bosnia and Herzegovina
Goalkeeper,Mladen Jurkas,/wiki/Mladen_Jurkas,Borac Banja Luka,/wiki/FK_Borac_Banja_Luka,B,Bosnia and Herzegovina
Midfielder,Ivan Bašić,/wiki/Ivan_Ba%C5%A1i%C4%87,Astana,/wiki/FC_Astana,B,Bosnia and Herzegovina
Midfielder,Ivan Šunjić,/wiki/Ivan_%C5%A0unji%C4%87,Pafos,/wiki/Pafos_FC,B,Bosnia and Herzegovina
Midfielder,Amar Memić,/wiki/Amar_Memi%C4%87,Viktoria Plzeň,/wiki/FC_Viktoria_Plze%C5%88,B,Bosnia and Herzegovina
Midfielder,Amir Hadžiahmetović,/wiki/Amir_Had%C5%BEiahmetovi%C4%87,Hull City,/wiki/Hull_City_A.F.C.,B,Bosnia and Herzegovina
Midfielder,Dženis Burnić,/wiki/D%C5%BEenis_Burni%C4%87,Karlsruher SC,/wiki/Karlsruher_SC,B,Bosnia and Herzegovina
Defender,Nikola Katić,/wiki/Nikola_Kati%C4%87,Schalke 04,/wiki/FC_Schalke_04,B,Bosnia and Herzegovina
Forward,Kerim Alajbegović,/wiki/Kerim_Alajbegovi%C4%87,Red Bull Salzburg,/wiki/FC_Red_Bull_Salzburg,B,Bosnia and Herzegovina
Forward,Esmir Bajraktarević,/wiki/Esmir_Bajraktarevi%C4%87,PSV Eindhoven,/wiki/PSV_Eindhoven,B,Bosnia and Herzegovina
Defender,Stjepan Radeljić,/wiki/Stjepan_Radelji%C4%87,Rijeka,/wiki/HNK_Rijeka,B,Bosnia and Herzegovina
Goalkeeper,Martin Zlomislić,/wiki/Martin_Zlomisli%C4%87,Rijeka,/wiki/HNK_Rijeka,B,Bosnia and Herzegovina
Forward,Haris Tabaković,/wiki/Haris_Tabakovi%C4%87,Borussia Mönchengladbach,/wiki/Borussia_M%C3%B6nchengladbach,B,Bosnia and Herzegovina
Defender,Arjan Malić,/wiki/Arjan_Mali%C4%87,Sturm Graz,/wiki/SK_Sturm_Graz,B,Bosnia and Herzegovina
Forward,Jovo Lukić,/wiki/Jovo_Luki%C4%87,Universitatea Cluj,/wiki/FC_Universitatea_Cluj,B,Bosnia and Herzegovina
Midfielder,Ermin Mahmić,/wiki/Ermin_Mahmi%C4%87,Slovan Liberec,/wiki/FC_Slovan_Liberec,B,Bosnia and Herzegovina
Goalkeeper,Dayne St. Clair,/wiki/Dayne_St._Clair,Inter Miami CF,/wiki/Inter_Miami_CF,B,Canada
Defender,Alistair Johnston,/wiki/Alistair_Johnston,Celtic,/wiki/Celtic_F.C.,B,Canada
Defender,Alfie Jones,/wiki/Alfie_Jones,Middlesbrough,/wiki/Middlesbrough_F.C.,B,Canada
Defender,Luc de Fougerolles,/wiki/Luc_de_Fougerolles,Dender,/wiki/FCV_Dender_EH,B,Canada
Defender,Joel Waterman,/wiki/Joel_Waterman,Chicago Fire FC,/wiki/Chicago_Fire_FC,B,Canada
Midfielder,Mathieu Choinière,/wiki/Mathieu_Choini%C3%A8re,Los Angeles FC,/wiki/Los_Angeles_FC,B,Canada
Midfielder,Stephen Eustáquio,/wiki/Stephen_Eust%C3%A1quio,Los Angeles FC,/wiki/Los_Angeles_FC,B,Canada
Midfielder,Ismaël Koné,/wiki/Isma%C3%ABl_Kon%C3%A9,Sassuolo,/wiki/US_Sassuolo_Calcio,B,Canada
Forward,Cyle Larin,/wiki/Cyle_Larin,Southampton,/wiki/Southampton_F.C.,B,Canada
Forward,Jonathan David,/wiki/Jonathan_David,Juventus,/wiki/Juventus_FC,B,Canada
Midfielder,Liam Millar,/wiki/Liam_Millar,Hull City,/wiki/Hull_City_A.F.C.,B,Canada
Forward,Tani Oluwaseyi,/wiki/Tani_Oluwaseyi,Villarreal,/wiki/Villarreal_CF,B,Canada
Defender,Derek Cornelius,/wiki/Derek_Cornelius,Rangers,/wiki/Rangers_F.C.,B,Canada
Midfielder,Jacob Shaffelburg,/wiki/Jacob_Shaffelburg,Los Angeles FC,/wiki/Los_Angeles_FC,B,Canada
Defender,Moïse Bombito,/wiki/Mo%C3%AFse_Bombito,Nice,/wiki/OGC_Nice,B,Canada
Goalkeeper,Maxime Crépeau,/wiki/Maxime_Cr%C3%A9peau,Orlando City SC,/wiki/Orlando_City_SC,B,Canada
Forward,Tajon Buchanan,/wiki/Tajon_Buchanan,Villarreal,/wiki/Villarreal_CF,B,Canada
Goalkeeper,Owen Goodman,/wiki/Owen_Goodman,Barnsley,/wiki/Barnsley_F.C.,B,Canada
Defender,Alphonso Davies,/wiki/Alphonso_Davies,Bayern Munich,/wiki/FC_Bayern_Munich,B,Canada
Forward,Ali Ahmed,/wiki/Ali_Ahmed_(soccer),Norwich City,/wiki/Norwich_City_F.C.,B,Canada
Midfielder,Jonathan Osorio,/wiki/Jonathan_Osorio,Toronto FC,/wiki/Toronto_FC,B,Canada
Defender,Richie Laryea,/wiki/Richie_Laryea,Toronto FC,/wiki/Toronto_FC,B,Canada
Defender,Niko Sigur,/wiki/Niko_Sigur,Hajduk Split,/wiki/HNK_Hajduk_Split,B,Canada
Forward,Promise David,/wiki/Promise_David,Union Saint-Gilloise,/wiki/Royale_Union_Saint-Gilloise,B,Canada
Midfielder,Nathan Saliba,/wiki/Nathan_Saliba,Anderlecht,/wiki/RSC_Anderlecht,B,Canada
Forward,Jayden Nelson,/wiki/Jayden_Nelson,Austin FC,/wiki/Austin_FC,B,Canada
Goalkeeper,Mahmud Abunada,/wiki/Mahmud_Abunada,Al-Rayyan,/wiki/Al-Rayyan_SC,B,Qatar
Defender,Pedro Miguel,/wiki/Pedro_Miguel_(footballer),Al-Sadd,/wiki/Al_Sadd_SC,B,Qatar
Defender,Lucas Mendes,"/wiki/Lucas_Mendes_(footballer,_born_1990)",Al-Wakrah,/wiki/Al-Wakrah_SC,B,Qatar
Defender,Issa Laye,/wiki/Issa_Laye,Al-Arabi,/wiki/Al-Arabi_SC_(Qatar),B,Qatar
Defender,Jassem Gaber,/wiki/Jassem_Gaber,Al-Rayyan,/wiki/Al-Rayyan_SC,B,Qatar
Midfielder,Abdulaziz Hatem,/wiki/Abdulaziz_Hatem,Al-Rayyan,/wiki/Al-Rayyan_SC,B,Qatar
Forward,Ahmed Alaaeldin,/wiki/Ahmed_Alaaeldin,Al-Rayyan,/wiki/Al-Rayyan_SC,B,Qatar
Forward,Edmilson Junior,/wiki/Edmilson_Junior,Al-Duhail,/wiki/Al_Duhail_SC,B,Qatar
Forward,Mohammed Muntari,/wiki/Mohammed_Muntari,Al-Gharafa,/wiki/Al-Gharafa_SC,B,Qatar
Forward,Hassan Al-Haydos,/wiki/Hassan_Al-Haydos,Al-Sadd,/wiki/Al_Sadd_SC,B,Qatar
Forward,Akram Afif,/wiki/Akram_Afif,Al-Sadd,/wiki/Al_Sadd_SC,B,Qatar
Midfielder,Karim Boudiaf,/wiki/Karim_Boudiaf,Al-Duhail,/wiki/Al_Duhail_SC,B,Qatar
Defender,Ayoub Al-Oui,/wiki/Ayoub_Al-Oui,Al-Gharafa,/wiki/Al-Gharafa_SC,B,Qatar
Defender,Homam Ahmed,/wiki/Homam_Ahmed,Cultural Leonesa,/wiki/Cultural_y_Deportiva_Leonesa,B,Qatar
Forward,Yusuf Abdurisag,/wiki/Yusuf_Abdurisag,Al-Wakrah,/wiki/Al-Wakrah_SC,B,Qatar
Defender,Boualem Khoukhi,/wiki/Boualem_Khoukhi,Al-Sadd,/wiki/Al_Sadd_SC,B,Qatar
Midfielder,Ahmed Al-Ganehi,/wiki/Ahmed_Al-Ganehi,Al-Gharafa,/wiki/Al-Gharafa_SC,B,Qatar
Defender,Sultan Al-Brake,/wiki/Sultan_Al-Brake,Al-Duhail,/wiki/Al_Duhail_SC,B,Qatar
Forward,Almoez Ali,/wiki/Almoez_Ali,Al-Duhail,/wiki/Al_Duhail_SC,B,Qatar
Midfielder,Ahmed Fathy,/wiki/Ahmed_Fathy_(Qatari_footballer),Al-Arabi,/wiki/Al-Arabi_SC_(Qatar),B,Qatar
Goalkeeper,Salah Zakaria,/wiki/Salah_Zakaria,Al-Duhail,/wiki/Al_Duhail_SC,B,Qatar
Goalkeeper,Meshaal Barsham,/wiki/Meshaal_Barsham,Al-Sadd,/wiki/Al_Sadd_SC,B,Qatar
Midfielder,Assim Madibo,/wiki/Assim_Madibo,Al-Wakrah,/wiki/Al-Wakrah_SC,B,Qatar
Forward,Tahsin Jamshid,/wiki/Tahsin_Jamshid,Al-Duhail,/wiki/Al_Duhail_SC,B,Qatar
Defender,Al-Hashmi Al-Hussain,/wiki/Al-Hashmi_Al-Hussain,Al-Arabi,/wiki/Al-Arabi_SC_(Qatar),B,Qatar
Forward,Mohamed Manai,/wiki/Mohamed_Manai,Al-Shamal,/wiki/Al-Shamal_SC,B,Qatar
Goalkeeper,Gregor Kobel,/wiki/Gregor_Kobel,Borussia Dortmund,/wiki/Borussia_Dortmund,B,Switzerland
Defender,Miro Muheim,/wiki/Miro_Muheim,Hamburger SV,/wiki/Hamburger_SV,B,Switzerland
Defender,Silvan Widmer,/wiki/Silvan_Widmer,Mainz 05,/wiki/1._FSV_Mainz_05,B,Switzerland
Defender,Nico Elvedi,/wiki/Nico_Elvedi,Borussia Mönchengladbach,/wiki/Borussia_M%C3%B6nchengladbach,B,Switzerland
Defender,Manuel Akanji,/wiki/Manuel_Akanji,Inter Milan,/wiki/Inter_Milan,B,Switzerland
Midfielder,Denis Zakaria,/wiki/Denis_Zakaria,Monaco,/wiki/AS_Monaco_FC,B,Switzerland
Forward,Breel Embolo,/wiki/Breel_Embolo,Rennes,/wiki/Stade_Rennais_FC,B,Switzerland
Midfielder,Remo Freuler,/wiki/Remo_Freuler,Bologna,/wiki/Bologna_FC_1909,B,Switzerland
Midfielder,Johan Manzambi,/wiki/Johan_Manzambi,SC Freiburg,/wiki/SC_Freiburg,B,Switzerland
Midfielder,Granit Xhaka,/wiki/Granit_Xhaka,Sunderland,/wiki/Sunderland_A.F.C.,B,Switzerland
Forward,Dan Ndoye,/wiki/Dan_Ndoye,Nottingham Forest,/wiki/Nottingham_Forest_F.C.,B,Switzerland
Goalkeeper,Yvon Mvogo,/wiki/Yvon_Mvogo,Lorient,/wiki/FC_Lorient,B,Switzerland
Defender,Ricardo Rodriguez,/wiki/Ricardo_Rodriguez_(footballer),Real Betis,/wiki/Real_Betis,B,Switzerland
Midfielder,Ardon Jashari,/wiki/Ardon_Jashari,Milan,/wiki/AC_Milan,B,Switzerland
Midfielder,Djibril Sow,/wiki/Djibril_Sow,Sevilla,/wiki/Sevilla_FC,B,Switzerland
Forward,Christian Fassnacht,/wiki/Christian_Fassnacht,Young Boys,/wiki/BSC_Young_Boys,B,Switzerland
Forward,Rubén Vargas,/wiki/Rub%C3%A9n_Vargas,Sevilla,/wiki/Sevilla_FC,B,Switzerland
Defender,Eray Cömert,/wiki/Eray_C%C3%B6mert,Valencia,/wiki/Valencia_CF,B,Switzerland
Forward,Noah Okafor,/wiki/Noah_Okafor,Leeds United,/wiki/Leeds_United_F.C.,B,Switzerland
Midfielder,Michel Aebischer,/wiki/Michel_Aebischer,Pisa,/wiki/Pisa_SC,B,Switzerland
Goalkeeper,Marvin Keller,/wiki/Marvin_Keller_(footballer),Young Boys,/wiki/BSC_Young_Boys,B,Switzerland
Midfielder,Fabian Rieder,/wiki/Fabian_Rieder,FC Augsburg,/wiki/FC_Augsburg,B,Switzerland
Forward,Zeki Amdouni,/wiki/Zeki_Amdouni,Burnley,/wiki/Burnley_F.C.,B,Switzerland
Defender,Aurèle Amenda,/wiki/Aur%C3%A8le_Amenda,Eintracht Frankfurt,/wiki/Eintracht_Frankfurt,B,Switzerland
Defender,Luca Jaquez,/wiki/Luca_Jaquez,VfB Stuttgart,/wiki/VfB_Stuttgart,B,Switzerland
Forward,Cedric Itten,/wiki/Cedric_Itten,Fortuna Düsseldorf,/wiki/Fortuna_D%C3%BCsseldorf,B,Switzerland
Goalkeeper,Alisson,/wiki/Alisson_Becker,Liverpool,/wiki/Liverpool_F.C.,C,Brazil
Midfielder,Éderson Silva,"/wiki/%C3%89derson_(footballer,_born_1999)",Atalanta,/wiki/Atalanta_BC,C,Brazil
Defender,Gabriel Magalhães,/wiki/Gabriel_Magalh%C3%A3es,Arsenal,/wiki/Arsenal_F.C.,C,Brazil
Defender,Marquinhos,/wiki/Marquinhos,Paris Saint-Germain,/wiki/Paris_Saint-Germain_FC,C,Brazil
Midfielder,Casemiro,/wiki/Casemiro,Manchester United,/wiki/Manchester_United_F.C.,C,Brazil
Defender,Alex Sandro,/wiki/Alex_Sandro,Flamengo,/wiki/CR_Flamengo,C,Brazil
Forward,Vinícius Júnior,/wiki/Vin%C3%ADcius_J%C3%BAnior,Real Madrid,/wiki/Real_Madrid_CF,C,Brazil
Midfielder,Bruno Guimarães,/wiki/Bruno_Guimar%C3%A3es,Newcastle United,/wiki/Newcastle_United_F.C.,C,Brazil
Forward,Matheus Cunha,/wiki/Matheus_Cunha,Manchester United,/wiki/Manchester_United_F.C.,C,Brazil
Forward,Neymar,/wiki/Neymar,Santos,/wiki/Santos_FC,C,Brazil
Forward,Raphinha,/wiki/Raphinha,Barcelona,/wiki/FC_Barcelona,C,Brazil
Goalkeeper,Weverton,"/wiki/Weverton_(footballer,_born_1987)",Grêmio,/wiki/Gr%C3%AAmio_FBPA,C,Brazil
Defender,Danilo Luiz,"/wiki/Danilo_(footballer,_born_July_1991)",Flamengo,/wiki/CR_Flamengo,C,Brazil
Defender,Bremer,/wiki/Gleison_Bremer,Juventus,/wiki/Juventus_FC,C,Brazil
Defender,Léo Pereira,"/wiki/L%C3%A9o_Pereira_(footballer,_born_1996)",Flamengo,/wiki/CR_Flamengo,C,Brazil
Defender,Douglas Santos,"/wiki/Douglas_Santos_(footballer,_born_1994)",Zenit Saint Petersburg,/wiki/FC_Zenit_Saint_Petersburg,C,Brazil
Midfielder,Fabinho,"/wiki/Fabinho_(footballer,_born_1993)",Al-Ittihad,/wiki/Al-Ittihad_Club_(Jeddah),C,Brazil
Midfielder,Danilo Santos,"/wiki/Danilo_(footballer,_born_2001)",Botafogo,/wiki/Botafogo_FR,C,Brazil
Forward,Endrick,"/wiki/Endrick_(footballer,_born_2006)",Lyon,/wiki/Olympique_Lyonnais,C,Brazil
Midfielder,Lucas Paquetá,/wiki/Lucas_Paquet%C3%A1,Flamengo,/wiki/CR_Flamengo,C,Brazil
Forward,Luiz Henrique,"/wiki/Luiz_Henrique_(footballer,_born_2001)",Zenit Saint Petersburg,/wiki/FC_Zenit_Saint_Petersburg,C,Brazil
Forward,Gabriel Martinelli,/wiki/Gabriel_Martinelli,Arsenal,/wiki/Arsenal_F.C.,C,Brazil
Goalkeeper,Ederson Moraes,"/wiki/Ederson_(footballer,_born_1993)",Fenerbahçe,/wiki/Fenerbah%C3%A7e_S.K._(football),C,Brazil
Defender,Roger Ibañez,/wiki/Roger_Iba%C3%B1ez,Al-Ahli,/wiki/Al-Ahli_Saudi_FC,C,Brazil
Forward,Igor Thiago,/wiki/Igor_Thiago,Brentford,/wiki/Brentford_F.C.,C,Brazil
Forward,Rayan,"/wiki/Rayan_(footballer,_born_2006)",Bournemouth,/wiki/AFC_Bournemouth,C,Brazil
Goalkeeper,Johny Placide,/wiki/Johny_Placide,Bastia,/wiki/SC_Bastia,C,Haiti
Defender,Carlens Arcus,/wiki/Carlens_Arcus,Angers,/wiki/Angers_SCO,C,Haiti
Defender,Keeto Thermoncy,/wiki/Keeto_Thermoncy,Young Boys,/wiki/BSC_Young_Boys,C,Haiti
Defender,Ricardo Adé,/wiki/Ricardo_Ad%C3%A9,LDU Quito,/wiki/LDU_Quito,C,Haiti
Defender,Hannes Delcroix,/wiki/Hannes_Delcroix,Lugano,/wiki/FC_Lugano,C,Haiti
Midfielder,Carl Sainté,/wiki/Carl_Saint%C3%A9,El Paso Locomotive FC,/wiki/El_Paso_Locomotive_FC,C,Haiti
Forward,Derrick Etienne Jr.,/wiki/Derrick_Etienne_Jr.,Toronto FC,/wiki/Toronto_FC,C,Haiti
Defender,Martin Expérience,/wiki/Martin_Exp%C3%A9rience,Nancy,/wiki/AS_Nancy_Lorraine,C,Haiti
Forward,Duckens Nazon,/wiki/Duckens_Nazon,Esteghlal,/wiki/Esteghlal_F.C.,C,Haiti
Midfielder,Jean-Ricner Bellegarde,/wiki/Jean-Ricner_Bellegarde,Wolverhampton Wanderers,/wiki/Wolverhampton_Wanderers_F.C.,C,Haiti
Forward,Louicius Deedson,/wiki/Louicius_Deedson,FC Dallas,/wiki/FC_Dallas,C,Haiti
Goalkeeper,Alexandre Pierre,/wiki/Alexandre_Pierre,Sochaux,/wiki/FC_Sochaux-Montb%C3%A9liard,C,Haiti
Defender,Duke Lacroix,/wiki/Duke_Lacroix,Colorado Springs Switchbacks FC,/wiki/Colorado_Springs_Switchbacks_FC,C,Haiti
Defender,Garven Metusala,/wiki/Garven_Metusala,Colorado Springs Switchbacks FC,/wiki/Colorado_Springs_Switchbacks_FC,C,Haiti
Forward,Ruben Providence,/wiki/Ruben_Providence,Almere City,/wiki/Almere_City_FC,C,Haiti
Forward,Lenny Joseph,/wiki/Lenny_Joseph,Ferencváros,/wiki/Ferencv%C3%A1rosi_TC,C,Haiti
Midfielder,Danley Jean Jacques,/wiki/Danley_Jean_Jacques,Philadelphia Union,/wiki/Philadelphia_Union,C,Haiti
Forward,Wilson Isidor,/wiki/Wilson_Isidor,Sunderland,/wiki/Sunderland_A.F.C.,C,Haiti
Forward,Yassin Fortuné,/wiki/Yassin_Fortun%C3%A9,Vizela,/wiki/F.C._Vizela,C,Haiti
Forward,Frantzdy Pierrot,/wiki/Frantzdy_Pierrot,Çaykur Rizespor,/wiki/%C3%87aykur_Rizespor,C,Haiti
Forward,Josué Casimir,/wiki/Josu%C3%A9_Casimir,Auxerre,/wiki/AJ_Auxerre,C,Haiti
Defender,Jean-Kévin Duverne,/wiki/Jean-K%C3%A9vin_Duverne,Gent,/wiki/KAA_Gent,C,Haiti
Goalkeeper,Josué Duverger,/wiki/Josu%C3%A9_Duverger,Cosmos Koblenz,/wiki/FC_Cosmos_Koblenz,C,Haiti
Defender,Wilguens Paugain,/wiki/Wilguens_Paugain,Zulte Waregem,/wiki/SV_Zulte_Waregem,C,Haiti
Midfielder,Dominique Simon,/wiki/Dominique_Simon,Tatran Prešov,/wiki/1._FC_Tatran_Pre%C5%A1ov,C,Haiti
Midfielder,Woodensky Pierre,/wiki/Woodensky_Pierre,Violette,/wiki/Violette_AC,C,Haiti
Goalkeeper,Yassine Bounou,/wiki/Yassine_Bounou,Al-Hilal,/wiki/Al_Hilal_SFC,C,Morocco
Defender,Achraf Hakimi,/wiki/Achraf_Hakimi,Paris Saint-Germain,/wiki/Paris_Saint-Germain_FC,C,Morocco
Defender,Noussair Mazraoui,/wiki/Noussair_Mazraoui,Manchester United,/wiki/Manchester_United_F.C.,C,Morocco
Midfielder,Sofyan Amrabat,/wiki/Sofyan_Amrabat,Real Betis,/wiki/Real_Betis,C,Morocco
Defender,Marwane Saâdane,/wiki/Marwane_Sa%C3%A2dane,Al-Fateh,/wiki/Al_Fateh_SC,C,Morocco
Midfielder,Ayyoub Bouaddi,/wiki/Ayyoub_Bouaddi,Lille,/wiki/Lille_OSC,C,Morocco
Midfielder,Chemsdine Talbi,/wiki/Chemsdine_Talbi,Sunderland,/wiki/Sunderland_A.F.C.,C,Morocco
Midfielder,Azzedine Ounahi,/wiki/Azzedine_Ounahi,Girona,/wiki/Girona_FC,C,Morocco
Forward,Soufiane Rahimi,/wiki/Soufiane_Rahimi,Al Ain,/wiki/Al_Ain_FC,C,Morocco
Forward,Brahim Díaz,/wiki/Brahim_D%C3%ADaz,Real Madrid,/wiki/Real_Madrid_CF,C,Morocco
Midfielder,Ismael Saibari,/wiki/Ismael_Saibari,PSV Eindhoven,/wiki/PSV_Eindhoven,C,Morocco
Goalkeeper,Munir Mohamedi,/wiki/Munir_Mohamedi,RS Berkane,/wiki/RS_Berkane,C,Morocco
Defender,Zakaria El Ouahdi,/wiki/Zakaria_El_Ouahdi,Genk,/wiki/KRC_Genk,C,Morocco
Defender,Issa Diop,/wiki/Issa_Diop_(footballer),Fulham,/wiki/Fulham_F.C.,C,Morocco
Midfielder,Samir El Mourabet,/wiki/Samir_El_Mourabet,Strasbourg,/wiki/RC_Strasbourg_Alsace,C,Morocco
Midfielder,Gessime Yassine,/wiki/Gessime_Yassine,Strasbourg,/wiki/RC_Strasbourg_Alsace,C,Morocco
Forward,Amine Sbaï,/wiki/Amine_Sba%C3%AF,Angers,/wiki/Angers_SCO,C,Morocco
Defender,Chadi Riad,/wiki/Chadi_Riad,Crystal Palace,/wiki/Crystal_Palace_F.C.,C,Morocco
Defender,Youssef Belammari,/wiki/Youssef_Belammari,Al Ahly,/wiki/Al_Ahly_SC,C,Morocco
Forward,Ayoub El Kaabi,/wiki/Ayoub_El_Kaabi,Olympiacos,/wiki/Olympiacos_F.C.,C,Morocco
Forward,Ayoube Amaimouni,/wiki/Ayoube_Amaimouni,Eintracht Frankfurt,/wiki/Eintracht_Frankfurt,C,Morocco
Goalkeeper,Ahmed Reda Tagnaouti,/wiki/Ahmed_Reda_Tagnaouti,AS FAR,/wiki/AS_FAR,C,Morocco
Midfielder,Bilal El Khannouss,/wiki/Bilal_El_Khannouss,VfB Stuttgart,/wiki/VfB_Stuttgart,C,Morocco
Midfielder,Neil El Aynaoui,/wiki/Neil_El_Aynaoui,Roma,/wiki/AS_Roma,C,Morocco
Defender,Redouane Halhal,/wiki/Redouane_Halhal,Mechelen,/wiki/KV_Mechelen,C,Morocco
Defender,Anass Salah-Eddine,/wiki/Anass_Salah-Eddine,PSV Eindhoven,/wiki/PSV_Eindhoven,C,Morocco
Goalkeeper,Angus Gunn,/wiki/Angus_Gunn,Nottingham Forest,/wiki/Nottingham_Forest_F.C.,C,Scotland
Defender,Aaron Hickey,/wiki/Aaron_Hickey,Brentford,/wiki/Brentford_F.C.,C,Scotland
Defender,Andy Robertson,/wiki/Andy_Robertson,Liverpool,/wiki/Liverpool_F.C.,C,Scotland
Midfielder,Scott McTominay,/wiki/Scott_McTominay,Napoli,/wiki/SSC_Napoli,C,Scotland
Defender,Grant Hanley,/wiki/Grant_Hanley,Hibernian,/wiki/Hibernian_F.C.,C,Scotland
Defender,Kieran Tierney,/wiki/Kieran_Tierney,Celtic,/wiki/Celtic_F.C.,C,Scotland
Midfielder,John McGinn,/wiki/John_McGinn,Aston Villa,/wiki/Aston_Villa_F.C.,C,Scotland
Midfielder,Tyler Fletcher,/wiki/Tyler_Fletcher,Manchester United,/wiki/Manchester_United_F.C.,C,Scotland
Forward,Lyndon Dykes,/wiki/Lyndon_Dykes,Charlton Athletic,/wiki/Charlton_Athletic_F.C.,C,Scotland
Forward,Ché Adams,/wiki/Ch%C3%A9_Adams,Torino,/wiki/Torino_FC,C,Scotland
Midfielder,Ryan Christie,/wiki/Ryan_Christie,Bournemouth,/wiki/AFC_Bournemouth,C,Scotland
Goalkeeper,Liam Kelly,"/wiki/Liam_Kelly_(footballer,_born_1996)",Rangers,/wiki/Rangers_F.C.,C,Scotland
Defender,Jack Hendry,"/wiki/Jack_Hendry_(footballer,_born_1995)",Al-Ettifaq,/wiki/Al-Ettifaq_Club,C,Scotland
Forward,Ross Stewart,"/wiki/Ross_Stewart_(footballer,_born_1996)",Southampton,/wiki/Southampton_F.C.,C,Scotland
Defender,John Souttar,/wiki/John_Souttar,Rangers,/wiki/Rangers_F.C.,C,Scotland
Defender,Dominic Hyam,/wiki/Dominic_Hyam,Wrexham,/wiki/Wrexham_A.F.C.,C,Scotland
Forward,Ben Gannon-Doak,/wiki/Ben_Gannon-Doak,Bournemouth,/wiki/AFC_Bournemouth,C,Scotland
Forward,George Hirst,/wiki/George_Hirst_(footballer),Ipswich Town,/wiki/Ipswich_Town_F.C.,C,Scotland
Midfielder,Lewis Ferguson,/wiki/Lewis_Ferguson,Bologna,/wiki/Bologna_FC_1909,C,Scotland
Forward,Lawrence Shankland,/wiki/Lawrence_Shankland,Heart of Midlothian,/wiki/Heart_of_Midlothian_F.C.,C,Scotland
Goalkeeper,Craig Gordon,/wiki/Craig_Gordon,Heart of Midlothian,/wiki/Heart_of_Midlothian_F.C.,C,Scotland
Defender,Nathan Patterson,/wiki/Nathan_Patterson_(footballer),Everton,/wiki/Everton_F.C.,C,Scotland
Midfielder,Kenny McLean,/wiki/Kenny_McLean,Norwich City,/wiki/Norwich_City_F.C.,C,Scotland
Defender,Anthony Ralston,/wiki/Anthony_Ralston,Celtic,/wiki/Celtic_F.C.,C,Scotland
Forward,Findlay Curtis,/wiki/Findlay_Curtis,Kilmarnock,/wiki/Kilmarnock_F.C.,C,Scotland
Defender,Scott McKenna,/wiki/Scott_McKenna,Dinamo Zagreb,/wiki/GNK_Dinamo_Zagreb,C,Scotland
Goalkeeper,Mathew Ryan,/wiki/Mathew_Ryan,Levante,/wiki/Levante_UD,D,Australia
Defender,Miloš Degenek,/wiki/Milo%C5%A1_Degenek,APOEL,/wiki/APOEL_FC,D,Australia
Defender,Alessandro Circati,/wiki/Alessandro_Circati,Parma,/wiki/Parma_Calcio_1913,D,Australia
Defender,Jacob Italiano,/wiki/Jacob_Italiano,Grazer AK,/wiki/Grazer_AK,D,Australia
Defender,Jordan Bos,/wiki/Jordan_Bos,Feyenoord,/wiki/Feyenoord,D,Australia
Defender,Jason Geria,/wiki/Jason_Geria,Albirex Niigata,/wiki/Albirex_Niigata,D,Australia
Forward,Mathew Leckie,/wiki/Mathew_Leckie,Melbourne City,/wiki/Melbourne_City_FC,D,Australia
Midfielder,Connor Metcalfe,/wiki/Connor_Metcalfe,FC St. Pauli,/wiki/FC_St._Pauli,D,Australia
Forward,Mohamed Touré,"/wiki/Mohamed_Tour%C3%A9_(soccer,_born_2004)",Norwich City,/wiki/Norwich_City_F.C.,D,Australia
Forward,Ajdin Hrustic,/wiki/Ajdin_Hrustic,Heracles Almelo,/wiki/Heracles_Almelo,D,Australia
Forward,Awer Mabil,/wiki/Awer_Mabil,Castellón,/wiki/CD_Castell%C3%B3n,D,Australia
Goalkeeper,Paul Izzo,/wiki/Paul_Izzo,Randers,/wiki/Randers_FC,D,Australia
Midfielder,Aiden O'Neill,/wiki/Aiden_O%27Neill,New York City FC,/wiki/New_York_City_FC,D,Australia
Midfielder,Cammy Devlin,/wiki/Cammy_Devlin,Heart of Midlothian,/wiki/Heart_of_Midlothian_F.C.,D,Australia
Defender,Kai Trewin,/wiki/Kai_Trewin,New York City FC,/wiki/New_York_City_FC,D,Australia
Defender,Aziz Behich,/wiki/Aziz_Behich,Melbourne City,/wiki/Melbourne_City_FC,D,Australia
Forward,Nestory Irankunda,/wiki/Nestory_Irankunda,Watford,/wiki/Watford_F.C.,D,Australia
Goalkeeper,Patrick Beach,/wiki/Patrick_Beach,Melbourne City,/wiki/Melbourne_City_FC,D,Australia
Defender,Harry Souttar,/wiki/Harry_Souttar,Leicester City,/wiki/Leicester_City_F.C.,D,Australia
Forward,Cristian Volpato,/wiki/Cristian_Volpato,Sassuolo,/wiki/US_Sassuolo_Calcio,D,Australia
Defender,Cameron Burgess,/wiki/Cameron_Burgess,Swansea City,/wiki/Swansea_City_A.F.C.,D,Australia
Midfielder,Jackson Irvine,/wiki/Jackson_Irvine,FC St. Pauli,/wiki/FC_St._Pauli,D,Australia
Forward,Nishan Velupillay,/wiki/Nishan_Velupillay,Melbourne Victory,/wiki/Melbourne_Victory_FC,D,Australia
Midfielder,Paul Okon-Engstler,/wiki/Paul_Okon-Engstler,Sydney FC,/wiki/Sydney_FC,D,Australia
Defender,Lucas Herrington,/wiki/Lucas_Herrington,Colorado Rapids,/wiki/Colorado_Rapids,D,Australia
Forward,Tete Yengi,/wiki/Tete_Yengi,Machida Zelvia,/wiki/FC_Machida_Zelvia,D,Australia
Goalkeeper,Gatito Fernández,/wiki/Gatito_Fern%C3%A1ndez,Cerro Porteño,/wiki/Cerro_Porte%C3%B1o,D,Paraguay
Defender,Gustavo Velázquez,/wiki/Gustavo_Vel%C3%A1zquez,Cerro Porteño,/wiki/Cerro_Porte%C3%B1o,D,Paraguay
Defender,Omar Alderete,/wiki/Omar_Alderete,Sunderland,/wiki/Sunderland_A.F.C.,D,Paraguay
Defender,Juan José Cáceres,/wiki/Juan_Jos%C3%A9_C%C3%A1ceres,Dynamo Moscow,/wiki/FC_Dynamo_Moscow,D,Paraguay
Defender,Fabián Balbuena,/wiki/Fabi%C3%A1n_Balbuena,Grêmio,/wiki/Gr%C3%AAmio_FBPA,D,Paraguay
Defender,Júnior Alonso,/wiki/J%C3%BAnior_Alonso,Atlético Mineiro,/wiki/Clube_Atl%C3%A9tico_Mineiro,D,Paraguay
Midfielder,Ramón Sosa,/wiki/Ram%C3%B3n_Sosa,Palmeiras,/wiki/SE_Palmeiras,D,Paraguay
Midfielder,Diego Gómez,/wiki/Diego_G%C3%B3mez_(Paraguayan_footballer),Brighton & Hove Albion,/wiki/Brighton_%26_Hove_Albion_F.C.,D,Paraguay
Forward,Antonio Sanabria,/wiki/Antonio_Sanabria,Cremonese,/wiki/US_Cremonese,D,Paraguay
Midfielder,Miguel Almirón,/wiki/Miguel_Almir%C3%B3n,Atlanta United FC,/wiki/Atlanta_United_FC,D,Paraguay
Midfielder,Maurício,"/wiki/Maur%C3%ADcio_(footballer,_born_2001)",Palmeiras,/wiki/SE_Palmeiras,D,Paraguay
Goalkeeper,Orlando Gill,/wiki/Orlando_Gill,San Lorenzo,/wiki/San_Lorenzo_de_Almagro,D,Paraguay
Defender,José Canale,/wiki/Jos%C3%A9_Canale,Lanús,/wiki/Club_Atl%C3%A9tico_Lan%C3%BAs,D,Paraguay
Midfielder,Andrés Cubas,/wiki/Andr%C3%A9s_Cubas,Vancouver Whitecaps FC,/wiki/Vancouver_Whitecaps_FC,D,Paraguay
Defender,Gustavo Gómez,/wiki/Gustavo_G%C3%B3mez,Palmeiras,/wiki/SE_Palmeiras,D,Paraguay
Midfielder,Damián Bobadilla,/wiki/Dami%C3%A1n_Bobadilla,São Paulo,/wiki/S%C3%A3o_Paulo_FC,D,Paraguay
Forward,Kaku,/wiki/Kaku_(footballer),Al Ain,/wiki/Al_Ain_FC,D,Paraguay
Forward,Álex Arce,/wiki/%C3%81lex_Arce,Independiente Rivadavia,/wiki/Independiente_Rivadavia,D,Paraguay
Forward,Julio Enciso,"/wiki/Julio_Enciso_(footballer,_born_2004)",Strasbourg,/wiki/RC_Strasbourg_Alsace,D,Paraguay
Midfielder,Braian Ojeda,/wiki/Braian_Ojeda,Orlando City SC,/wiki/Orlando_City_SC,D,Paraguay
Forward,Gabriel Ávalos,/wiki/Gabriel_%C3%81valos,Independiente,/wiki/Club_Atl%C3%A9tico_Independiente,D,Paraguay
Goalkeeper,Gastón Olveira,/wiki/Gast%C3%B3n_Olveira,Olimpia,/wiki/Club_Olimpia,D,Paraguay
Midfielder,Matías Galarza,/wiki/Mat%C3%ADas_Galarza_(Paraguayan_footballer),Atlanta United FC,/wiki/Atlanta_United_FC,D,Paraguay
Midfielder,Gustavo Caballero,/wiki/Gustavo_Caballero,Portsmouth,/wiki/Portsmouth_F.C.,D,Paraguay
Forward,Isidro Pitta,/wiki/Isidro_Pitta,Red Bull Bragantino,/wiki/Red_Bull_Bragantino,D,Paraguay
Defender,Alexandro Maidana,/wiki/Alexandro_Maidana,Talleres,/wiki/Talleres_de_C%C3%B3rdoba,D,Paraguay
Goalkeeper,Mert Günok,/wiki/Mert_G%C3%BCnok,Fenerbahçe,/wiki/Fenerbah%C3%A7e_S.K._(football),D,Turkey
Defender,Zeki Çelik,/wiki/Zeki_%C3%87elik,Roma,/wiki/AS_Roma,D,Turkey
Defender,Merih Demiral,/wiki/Merih_Demiral,Al-Ahli,/wiki/Al-Ahli_Saudi_FC,D,Turkey
Defender,Çağlar Söyüncü,/wiki/%C3%87a%C4%9Flar_S%C3%B6y%C3%BCnc%C3%BC,Fenerbahçe,/wiki/Fenerbah%C3%A7e_S.K._(football),D,Turkey
Midfielder,Salih Özcan,/wiki/Salih_%C3%96zcan,Borussia Dortmund,/wiki/Borussia_Dortmund,D,Turkey
Midfielder,Orkun Kökçü,/wiki/Orkun_K%C3%B6k%C3%A7%C3%BC,Beşiktaş,/wiki/Be%C5%9Fikta%C5%9F_J.K.,D,Turkey
Forward,Kerem Aktürkoğlu,/wiki/Kerem_Akt%C3%BCrko%C4%9Flu,Fenerbahçe,/wiki/Fenerbah%C3%A7e_S.K._(football),D,Turkey
Forward,Arda Güler,/wiki/Arda_G%C3%BCler,Real Madrid,/wiki/Real_Madrid_CF,D,Turkey
Forward,Deniz Gül,/wiki/Deniz_G%C3%BCl,Porto,/wiki/FC_Porto,D,Turkey
Midfielder,Hakan Çalhanoğlu,/wiki/Hakan_%C3%87alhano%C4%9Flu,Inter Milan,/wiki/Inter_Milan,D,Turkey
Forward,Kenan Yıldız,/wiki/Kenan_Y%C4%B1ld%C4%B1z,Juventus,/wiki/Juventus_FC,D,Turkey
Goalkeeper,Altay Bayındır,/wiki/Altay_Bay%C4%B1nd%C4%B1r,Manchester United,/wiki/Manchester_United_F.C.,D,Turkey
Defender,Eren Elmalı,/wiki/Eren_Elmal%C4%B1,Galatasaray,/wiki/Galatasaray_S.K._(football),D,Turkey
Defender,Abdülkerim Bardakcı,/wiki/Abd%C3%BClkerim_Bardakc%C4%B1,Galatasaray,/wiki/Galatasaray_S.K._(football),D,Turkey
Defender,Ozan Kabak,/wiki/Ozan_Kabak,TSG Hoffenheim,/wiki/TSG_1899_Hoffenheim,D,Turkey
Midfielder,İsmail Yüksek,/wiki/%C4%B0smail_Y%C3%BCksek,Fenerbahçe,/wiki/Fenerbah%C3%A7e_S.K._(football),D,Turkey
Forward,İrfan Can Kahveci,/wiki/%C4%B0rfan_Can_Kahveci,Kasımpaşa,/wiki/Kas%C4%B1mpa%C5%9Fa_S.K.,D,Turkey
Defender,Mert Müldür,/wiki/Mert_M%C3%BCld%C3%BCr,Fenerbahçe,/wiki/Fenerbah%C3%A7e_S.K._(football),D,Turkey
Forward,Yunus Akgün,/wiki/Yunus_Akg%C3%BCn,Galatasaray,/wiki/Galatasaray_S.K._(football),D,Turkey
Defender,Ferdi Kadıoğlu,/wiki/Ferdi_Kad%C4%B1o%C4%9Flu,Brighton & Hove Albion,/wiki/Brighton_%26_Hove_Albion_F.C.,D,Turkey
Forward,Barış Alper Yılmaz,/wiki/Bar%C4%B1%C5%9F_Alper_Y%C4%B1lmaz,Galatasaray,/wiki/Galatasaray_S.K._(football),D,Turkey
Midfielder,Kaan Ayhan,/wiki/Kaan_Ayhan,Galatasaray,/wiki/Galatasaray_S.K._(football),D,Turkey
Goalkeeper,Uğurcan Çakır,/wiki/U%C4%9Furcan_%C3%87ak%C4%B1r,Galatasaray,/wiki/Galatasaray_S.K._(football),D,Turkey
Forward,Oğuz Aydın,/wiki/O%C4%9Fuz_Ayd%C4%B1n,Fenerbahçe,/wiki/Fenerbah%C3%A7e_S.K._(football),D,Turkey
Defender,Samet Akaydin,/wiki/Samet_Akaydin,Çaykur Rizespor,/wiki/%C3%87aykur_Rizespor,D,Turkey
Forward,Can Uzun,/wiki/Can_Uzun,Eintracht Frankfurt,/wiki/Eintracht_Frankfurt,D,Turkey
Goalkeeper,Matt Turner,/wiki/Matt_Turner_(soccer),New England Revolution,/wiki/New_England_Revolution,D,United States
Defender,Sergiño Dest,/wiki/Sergi%C3%B1o_Dest,PSV Eindhoven,/wiki/PSV_Eindhoven,D,United States
Defender,Chris Richards,/wiki/Chris_Richards_(soccer),Crystal Palace,/wiki/Crystal_Palace_F.C.,D,United States
Midfielder,Tyler Adams,/wiki/Tyler_Adams,Bournemouth,/wiki/AFC_Bournemouth,D,United States
Defender,Antonee Robinson,/wiki/Antonee_Robinson,Fulham,/wiki/Fulham_F.C.,D,United States
Defender,Auston Trusty,/wiki/Auston_Trusty,Celtic,/wiki/Celtic_F.C.,D,United States
Midfielder,Giovanni Reyna,/wiki/Giovanni_Reyna,Borussia Mönchengladbach,/wiki/Borussia_M%C3%B6nchengladbach,D,United States
Midfielder,Weston McKennie,/wiki/Weston_McKennie,Juventus,/wiki/Juventus_FC,D,United States
Forward,Ricardo Pepi,/wiki/Ricardo_Pepi,PSV Eindhoven,/wiki/PSV_Eindhoven,D,United States
Forward,Christian Pulisic,/wiki/Christian_Pulisic,Milan,/wiki/AC_Milan,D,United States
Forward,Brenden Aaronson,/wiki/Brenden_Aaronson,Leeds United,/wiki/Leeds_United_F.C.,D,United States
Defender,Miles Robinson,/wiki/Miles_Robinson_(soccer),FC Cincinnati,/wiki/FC_Cincinnati,D,United States
Defender,Tim Ream,/wiki/Tim_Ream,Charlotte FC,/wiki/Charlotte_FC,D,United States
Midfielder,Sebastian Berhalter,/wiki/Sebastian_Berhalter,Vancouver Whitecaps FC,/wiki/Vancouver_Whitecaps_FC,D,United States
Midfielder,Cristian Roldan,/wiki/Cristian_Roldan,Seattle Sounders FC,/wiki/Seattle_Sounders_FC,D,United States
Defender,Alex Freeman,/wiki/Alex_Freeman,Villarreal,/wiki/Villarreal_CF,D,United States
Midfielder,Malik Tillman,/wiki/Malik_Tillman,Bayer Leverkusen,/wiki/Bayer_04_Leverkusen,D,United States
Defender,Max Arfsten,/wiki/Max_Arfsten,Columbus Crew,/wiki/Columbus_Crew,D,United States
Forward,Haji Wright,/wiki/Haji_Wright,Coventry City,/wiki/Coventry_City_F.C.,D,United States
Forward,Folarin Balogun,/wiki/Folarin_Balogun,Monaco,/wiki/AS_Monaco_FC,D,United States
Forward,Timothy Weah,/wiki/Timothy_Weah,Marseille,/wiki/Olympique_de_Marseille,D,United States
Defender,Mark McKenzie,"/wiki/Mark_McKenzie_(soccer,_born_1999)",Toulouse,/wiki/Toulouse_FC,D,United States
Defender,Joe Scally,/wiki/Joe_Scally,Borussia Mönchengladbach,/wiki/Borussia_M%C3%B6nchengladbach,D,United States
Goalkeeper,Matt Freese,/wiki/Matt_Freese,New York City FC,/wiki/New_York_City_FC,D,United States
Goalkeeper,Chris Brady,/wiki/Chris_Brady_(soccer),Chicago Fire FC,/wiki/Chicago_Fire_FC,D,United States
Forward,Alejandro Zendejas,/wiki/Alejandro_Zendejas,América,/wiki/Club_Am%C3%A9rica,D,United States
Goalkeeper,Eloy Room,/wiki/Eloy_Room,Miami FC,/wiki/Miami_FC,E,Curaçao
Defender,Shurandy Sambo,/wiki/Shurandy_Sambo,Sparta Rotterdam,/wiki/Sparta_Rotterdam,E,Curaçao
Defender,Juriën Gaari,/wiki/Juri%C3%ABn_Gaari,Abha,/wiki/Abha_Club,E,Curaçao
Defender,Roshon van Eijma,/wiki/Roshon_van_Eijma,RKC Waalwijk,/wiki/RKC_Waalwijk,E,Curaçao
Defender,Sherel Floranus,/wiki/Sherel_Floranus,PEC Zwolle,/wiki/PEC_Zwolle,E,Curaçao
Midfielder,Godfried Roemeratoe,/wiki/Godfried_Roemeratoe,RKC Waalwijk,/wiki/RKC_Waalwijk,E,Curaçao
Midfielder,Juninho Bacuna,/wiki/Juninho_Bacuna,Volendam,/wiki/FC_Volendam,E,Curaçao
Midfielder,Livano Comenencia,/wiki/Livano_Comenencia,Zürich,/wiki/FC_Z%C3%BCrich,E,Curaçao
Forward,Jürgen Locadia,/wiki/J%C3%BCrgen_Locadia,Miami FC,/wiki/Miami_FC,E,Curaçao
Midfielder,Leandro Bacuna,/wiki/Leandro_Bacuna,Iğdır,/wiki/I%C4%9Fd%C4%B1r_F.K.,E,Curaçao
Forward,Jeremy Antonisse,/wiki/Jeremy_Antonisse,Kifisia,/wiki/A.E._Kifisia_F.C.,E,Curaçao
Forward,Sontje Hansen,/wiki/Sontje_Hansen,Middlesbrough,/wiki/Middlesbrough_F.C.,E,Curaçao
Forward,Tyrese Noslin,/wiki/Tyrese_Noslin,Telstar,/wiki/SC_Telstar,E,Curaçao
Forward,Kenji Gorré,/wiki/Kenji_Gorr%C3%A9,Maccabi Haifa,/wiki/Maccabi_Haifa_F.C.,E,Curaçao
Midfielder,Ar'jany Martha,/wiki/Ar%27jany_Martha,Rotherham United,/wiki/Rotherham_United_F.C.,E,Curaçao
Forward,Jearl Margaritha,/wiki/Jearl_Margaritha,Beveren,/wiki/SK_Beveren,E,Curaçao
Forward,Brandley Kuwas,/wiki/Brandley_Kuwas,Volendam,/wiki/FC_Volendam,E,Curaçao
Defender,Armando Obispo,/wiki/Armando_Obispo,PSV Eindhoven,/wiki/PSV_Eindhoven,E,Curaçao
Forward,Gervane Kastaneer,/wiki/Gervane_Kastaneer,Terengganu,/wiki/Terengganu_FC,E,Curaçao
Defender,Joshua Brenet,/wiki/Joshua_Brenet,Kayserispor,/wiki/Kayserispor,E,Curaçao
Midfielder,Tahith Chong,/wiki/Tahith_Chong,Sheffield United,/wiki/Sheffield_United_F.C.,E,Curaçao
Midfielder,Kevin Felida,/wiki/Kevin_Felida,Den Bosch,/wiki/FC_Den_Bosch,E,Curaçao
Defender,Riechedly Bazoer,/wiki/Riechedly_Bazoer,Konyaspor,/wiki/Konyaspor,E,Curaçao
Defender,Deveron Fonville,/wiki/Deveron_Fonville,NEC,/wiki/NEC_Nijmegen,E,Curaçao
Goalkeeper,Tyrick Bodak,/wiki/Tyrick_Bodak,Telstar,/wiki/SC_Telstar,E,Curaçao
Goalkeeper,Trevor Doornbusch,/wiki/Trevor_Doornbusch,VVV-Venlo,/wiki/VVV-Venlo,E,Curaçao
Goalkeeper,Hernán Galíndez,/wiki/Hern%C3%A1n_Gal%C3%ADndez,Huracán,/wiki/Club_Atl%C3%A9tico_Hurac%C3%A1n,E,Ecuador
Defender,Félix Torres,"/wiki/F%C3%A9lix_Torres_(footballer,_born_1997)",Internacional,/wiki/SC_Internacional,E,Ecuador
Defender,Piero Hincapié,/wiki/Piero_Hincapi%C3%A9,Arsenal,/wiki/Arsenal_F.C.,E,Ecuador
Defender,Joel Ordóñez,/wiki/Joel_Ord%C3%B3%C3%B1ez,Club Brugge,/wiki/Club_Brugge_KV,E,Ecuador
Midfielder,Jordy Alcívar,/wiki/Jordy_Alc%C3%ADvar,Independiente del Valle,/wiki/Independiente_del_Valle,E,Ecuador
Defender,Willian Pacho,/wiki/Willian_Pacho,Paris Saint-Germain,/wiki/Paris_Saint-Germain_FC,E,Ecuador
Defender,Pervis Estupiñán,/wiki/Pervis_Estupi%C3%B1%C3%A1n,Milan,/wiki/AC_Milan,E,Ecuador
Midfielder,Anthony Valencia,/wiki/Anthony_Valencia,Antwerp,/wiki/Royal_Antwerp_FC,E,Ecuador
Forward,John Yeboah,/wiki/John_Yeboah,Venezia,/wiki/Venezia_FC,E,Ecuador
Midfielder,Kendry Páez,/wiki/Kendry_P%C3%A1ez,River Plate,/wiki/Club_Atl%C3%A9tico_River_Plate,E,Ecuador
Forward,Kevin Rodríguez,"/wiki/Kevin_Rodr%C3%ADguez_(footballer,_born_2000)",Union Saint-Gilloise,/wiki/Royale_Union_Saint-Gilloise,E,Ecuador
Goalkeeper,Moisés Ramírez,/wiki/Mois%C3%A9s_Ram%C3%ADrez,Kifisia,/wiki/A.E._Kifisia_F.C.,E,Ecuador
Forward,Enner Valencia,/wiki/Enner_Valencia,Pachuca,/wiki/C.F._Pachuca,E,Ecuador
Midfielder,Alan Minda,/wiki/Alan_Minda,Atlético Mineiro,/wiki/Clube_Atl%C3%A9tico_Mineiro,E,Ecuador
Midfielder,Pedro Vite,/wiki/Pedro_Vite,Pumas UNAM,/wiki/Pumas_UNAM,E,Ecuador
Forward,Jordy Caicedo,/wiki/Jordy_Caicedo,Huracán,/wiki/Club_Atl%C3%A9tico_Hurac%C3%A1n,E,Ecuador
Defender,Ángelo Preciado,/wiki/%C3%81ngelo_Preciado,Atlético Mineiro,/wiki/Clube_Atl%C3%A9tico_Mineiro,E,Ecuador
Midfielder,Denil Castillo,/wiki/Denil_Castillo,Midtjylland,/wiki/FC_Midtjylland,E,Ecuador
Forward,Gonzalo Plata,/wiki/Gonzalo_Plata,Flamengo,/wiki/CR_Flamengo,E,Ecuador
Forward,Nilson Angulo,/wiki/Nilson_Angulo,Sunderland,/wiki/Sunderland_A.F.C.,E,Ecuador
Midfielder,Alan Franco,"/wiki/Alan_Franco_(footballer,_born_1998)",Atlético Mineiro,/wiki/Clube_Atl%C3%A9tico_Mineiro,E,Ecuador
Goalkeeper,Gonzalo Valle,/wiki/Gonzalo_Valle,LDU Quito,/wiki/LDU_Quito,E,Ecuador
Midfielder,Moisés Caicedo,/wiki/Mois%C3%A9s_Caicedo,Chelsea,/wiki/Chelsea_F.C.,E,Ecuador
Forward,Jeremy Arévalo,/wiki/Jeremy_Ar%C3%A9valo,VfB Stuttgart,/wiki/VfB_Stuttgart,E,Ecuador
Defender,Jackson Porozo,/wiki/Jackson_Porozo,Tijuana,/wiki/Club_Tijuana,E,Ecuador
Defender,Yaimar Medina,/wiki/Yaimar_Medina,Genk,/wiki/KRC_Genk,E,Ecuador
Goalkeeper,Manuel Neuer,/wiki/Manuel_Neuer,Bayern Munich,/wiki/FC_Bayern_Munich,E,Germany
Defender,Antonio Rüdiger,/wiki/Antonio_R%C3%BCdiger,Real Madrid,/wiki/Real_Madrid_CF,E,Germany
Defender,Waldemar Anton,/wiki/Waldemar_Anton,Borussia Dortmund,/wiki/Borussia_Dortmund,E,Germany
Defender,Jonathan Tah,/wiki/Jonathan_Tah,Bayern Munich,/wiki/FC_Bayern_Munich,E,Germany
Midfielder,Aleksandar Pavlović,/wiki/Aleksandar_Pavlovi%C4%87_(footballer),Bayern Munich,/wiki/FC_Bayern_Munich,E,Germany
Defender,Joshua Kimmich,/wiki/Joshua_Kimmich,Bayern Munich,/wiki/FC_Bayern_Munich,E,Germany
Forward,Kai Havertz,/wiki/Kai_Havertz,Arsenal,/wiki/Arsenal_F.C.,E,Germany
Midfielder,Leon Goretzka,/wiki/Leon_Goretzka,Bayern Munich,/wiki/FC_Bayern_Munich,E,Germany
Midfielder,Jamie Leweling,/wiki/Jamie_Leweling,VfB Stuttgart,/wiki/VfB_Stuttgart,E,Germany
Midfielder,Jamal Musiala,/wiki/Jamal_Musiala,Bayern Munich,/wiki/FC_Bayern_Munich,E,Germany
Forward,Nick Woltemade,/wiki/Nick_Woltemade,Newcastle United,/wiki/Newcastle_United_F.C.,E,Germany
Goalkeeper,Oliver Baumann,/wiki/Oliver_Baumann,TSG Hoffenheim,/wiki/TSG_1899_Hoffenheim,E,Germany
Midfielder,Pascal Groß,/wiki/Pascal_Gro%C3%9F,Brighton & Hove Albion,/wiki/Brighton_%26_Hove_Albion_F.C.,E,Germany
Forward,Maximilian Beier,/wiki/Maximilian_Beier,Borussia Dortmund,/wiki/Borussia_Dortmund,E,Germany
Defender,Nico Schlotterbeck,/wiki/Nico_Schlotterbeck,Borussia Dortmund,/wiki/Borussia_Dortmund,E,Germany
Midfielder,Angelo Stiller,/wiki/Angelo_Stiller,VfB Stuttgart,/wiki/VfB_Stuttgart,E,Germany
Midfielder,Florian Wirtz,/wiki/Florian_Wirtz,Liverpool,/wiki/Liverpool_F.C.,E,Germany
Defender,Nathaniel Brown,/wiki/Nathaniel_Brown_(footballer),Eintracht Frankfurt,/wiki/Eintracht_Frankfurt,E,Germany
Midfielder,Leroy Sané,/wiki/Leroy_San%C3%A9,Galatasaray,/wiki/Galatasaray_S.K._(football),E,Germany
Midfielder,Nadiem Amiri,/wiki/Nadiem_Amiri,Mainz 05,/wiki/1._FSV_Mainz_05,E,Germany
Goalkeeper,Alexander Nübel,/wiki/Alexander_N%C3%BCbel,VfB Stuttgart,/wiki/VfB_Stuttgart,E,Germany
Defender,David Raum,/wiki/David_Raum,RB Leipzig,/wiki/RB_Leipzig,E,Germany
Midfielder,Felix Nmecha,/wiki/Felix_Nmecha,Borussia Dortmund,/wiki/Borussia_Dortmund,E,Germany
Defender,Malick Thiaw,/wiki/Malick_Thiaw,Newcastle United,/wiki/Newcastle_United_F.C.,E,Germany
Midfielder,Assan Ouédraogo,/wiki/Assan_Ou%C3%A9draogo,RB Leipzig,/wiki/RB_Leipzig,E,Germany
Forward,Deniz Undav,/wiki/Deniz_Undav,VfB Stuttgart,/wiki/VfB_Stuttgart,E,Germany
Goalkeeper,Yahia Fofana,/wiki/Yahia_Fofana,Çaykur Rizespor,/wiki/%C3%87aykur_Rizespor,E,Ivory Coast
Defender,Ousmane Diomande,/wiki/Ousmane_Diomande,Sporting CP,/wiki/Sporting_CP,E,Ivory Coast
Defender,Ghislain Konan,/wiki/Ghislain_Konan,Gil Vicente,/wiki/Gil_Vicente_F.C.,E,Ivory Coast
Midfielder,Jean Michaël Seri,/wiki/Jean_Micha%C3%ABl_Seri,Maribor,/wiki/NK_Maribor,E,Ivory Coast
Defender,Wilfried Singo,/wiki/Wilfried_Singo,Galatasaray,/wiki/Galatasaray_S.K._(football),E,Ivory Coast
Midfielder,Seko Fofana,/wiki/Seko_Fofana,Porto,/wiki/FC_Porto,E,Ivory Coast
Defender,Odilon Kossounou,/wiki/Odilon_Kossounou,Atalanta,/wiki/Atalanta_BC,E,Ivory Coast
Midfielder,Franck Kessié,/wiki/Franck_Kessi%C3%A9,Al-Ahli,/wiki/Al-Ahli_Saudi_FC,E,Ivory Coast
Forward,Ange-Yoan Bonny,/wiki/Ange-Yoan_Bonny,Inter Milan,/wiki/Inter_Milan,E,Ivory Coast
Forward,Simon Adingra,/wiki/Simon_Adingra,Monaco,/wiki/AS_Monaco_FC,E,Ivory Coast
Forward,Yan Diomande,/wiki/Yan_Diomande,RB Leipzig,/wiki/RB_Leipzig,E,Ivory Coast
Forward,Elye Wahi,/wiki/Elye_Wahi,Nice,/wiki/OGC_Nice,E,Ivory Coast
Defender,Christopher Opéri,/wiki/Christopher_Op%C3%A9ri,İstanbul Başakşehir,/wiki/%C4%B0stanbul_Ba%C5%9Fak%C5%9Fehir_F.K.,E,Ivory Coast
Forward,Oumar Diakité,/wiki/Oumar_Diakit%C3%A9,Cercle Brugge,/wiki/Cercle_Brugge_KSV,E,Ivory Coast
Forward,Amad Diallo,/wiki/Amad_Diallo,Manchester United,/wiki/Manchester_United_F.C.,E,Ivory Coast
Goalkeeper,Mohamed Koné,"/wiki/Mohamed_Kon%C3%A9_(footballer,_born_2002)",Charleroi,/wiki/Royal_Charleroi_SC,E,Ivory Coast
Defender,Guéla Doué,/wiki/Gu%C3%A9la_Dou%C3%A9,Strasbourg,/wiki/RC_Strasbourg_Alsace,E,Ivory Coast
Midfielder,Ibrahim Sangaré,/wiki/Ibrahim_Sangar%C3%A9_(Ivorian_footballer),Nottingham Forest,/wiki/Nottingham_Forest_F.C.,E,Ivory Coast
Forward,Nicolas Pépé,/wiki/Nicolas_P%C3%A9p%C3%A9,Villarreal,/wiki/Villarreal_CF,E,Ivory Coast
Defender,Emmanuel Agbadou,/wiki/Emmanuel_Agbadou,Beşiktaş,/wiki/Be%C5%9Fikta%C5%9F_J.K.,E,Ivory Coast
Defender,Evan Ndicka,/wiki/Evan_Ndicka,Roma,/wiki/AS_Roma,E,Ivory Coast
Forward,Evann Guessand,/wiki/Evann_Guessand,Crystal Palace,/wiki/Crystal_Palace_F.C.,E,Ivory Coast
Goalkeeper,Alban Lafont,/wiki/Alban_Lafont,Panathinaikos,/wiki/Panathinaikos_F.C.,E,Ivory Coast
Forward,Bazoumana Touré,/wiki/Bazoumana_Tour%C3%A9,TSG Hoffenheim,/wiki/TSG_1899_Hoffenheim,E,Ivory Coast
Midfielder,Parfait Guiagon,/wiki/Parfait_Guiagon,Charleroi,/wiki/Royal_Charleroi_SC,E,Ivory Coast
Midfielder,Christ Inao Oulaï,/wiki/Christ_Inao_Oula%C3%AF,Trabzonspor,/wiki/Trabzonspor,E,Ivory Coast
Goalkeeper,Zion Suzuki,/wiki/Zion_Suzuki,Parma,/wiki/Parma_Calcio_1913,F,Japan
Defender,Yukinari Sugawara,/wiki/Yukinari_Sugawara,Werder Bremen,/wiki/SV_Werder_Bremen,F,Japan
Defender,Shōgo Taniguchi,/wiki/Sh%C5%8Dgo_Taniguchi,Sint-Truiden,/wiki/Sint-Truidense_VV,F,Japan
Defender,Kō Itakura,/wiki/K%C5%8D_Itakura,Ajax,/wiki/AFC_Ajax,F,Japan
Defender,Yūto Nagatomo,/wiki/Y%C5%ABto_Nagatomo,FC Tokyo,/wiki/FC_Tokyo,F,Japan
Forward,Shūto Machino,/wiki/Sh%C5%ABto_Machino,Borussia Mönchengladbach,/wiki/Borussia_M%C3%B6nchengladbach,F,Japan
Midfielder,Ao Tanaka,/wiki/Ao_Tanaka,Leeds United,/wiki/Leeds_United_F.C.,F,Japan
Midfielder,Takefusa Kubo,/wiki/Takefusa_Kubo,Real Sociedad,/wiki/Real_Sociedad,F,Japan
Forward,Keisuke Gotō,/wiki/Keisuke_Got%C5%8D,Sint-Truiden,/wiki/Sint-Truidense_VV,F,Japan
Midfielder,Ritsu Dōan,/wiki/Ritsu_D%C5%8Dan,Eintracht Frankfurt,/wiki/Eintracht_Frankfurt,F,Japan
Midfielder,Daizen Maeda,/wiki/Daizen_Maeda,Celtic,/wiki/Celtic_F.C.,F,Japan
Goalkeeper,Keisuke Ōsako,/wiki/Keisuke_%C5%8Csako,Sanfrecce Hiroshima,/wiki/Sanfrecce_Hiroshima,F,Japan
Midfielder,Keito Nakamura,/wiki/Keito_Nakamura,Reims,/wiki/Stade_de_Reims,F,Japan
Midfielder,Junya Itō,/wiki/Junya_It%C5%8D,Genk,/wiki/KRC_Genk,F,Japan
Midfielder,Daichi Kamada,/wiki/Daichi_Kamada,Crystal Palace,/wiki/Crystal_Palace_F.C.,F,Japan
Defender,Tsuyoshi Watanabe,/wiki/Tsuyoshi_Watanabe,Feyenoord,/wiki/Feyenoord,F,Japan
Midfielder,Yuito Suzuki,/wiki/Yuito_Suzuki,SC Freiburg,/wiki/SC_Freiburg,F,Japan
Forward,Ayase Ueda,/wiki/Ayase_Ueda,Feyenoord,/wiki/Feyenoord,F,Japan
Forward,Kōki Ogawa,/wiki/K%C5%8Dki_Ogawa_(footballer),NEC,/wiki/NEC_Nijmegen,F,Japan
Defender,Ayumu Seko,/wiki/Ayumu_Seko,Le Havre,/wiki/Le_Havre_AC,F,Japan
Defender,Hiroki Itō,"/wiki/Hiroki_It%C5%8D_(footballer,_born_1999)",Bayern Munich,/wiki/FC_Bayern_Munich,F,Japan
Defender,Takehiro Tomiyasu,/wiki/Takehiro_Tomiyasu,Ajax,/wiki/AFC_Ajax,F,Japan
Goalkeeper,Tomoki Hayakawa,/wiki/Tomoki_Hayakawa,Kashima Antlers,/wiki/Kashima_Antlers,F,Japan
Midfielder,Kaishū Sano,/wiki/Kaish%C5%AB_Sano,Mainz 05,/wiki/1._FSV_Mainz_05,F,Japan
Defender,Junnosuke Suzuki,/wiki/Junnosuke_Suzuki,Copenhagen,/wiki/F.C._Copenhagen,F,Japan
Forward,Kento Shiogai,/wiki/Kento_Shiogai,VfL Wolfsburg,/wiki/VfL_Wolfsburg,F,Japan
Goalkeeper,Bart Verbruggen,/wiki/Bart_Verbruggen,Brighton & Hove Albion,/wiki/Brighton_%26_Hove_Albion_F.C.,F,Netherlands
Defender,Lutsharel Geertruida,/wiki/Lutsharel_Geertruida,Sunderland,/wiki/Sunderland_AFC,F,Netherlands
Midfielder,Marten de Roon,/wiki/Marten_de_Roon,Atalanta,/wiki/Atalanta_BC,F,Netherlands
Defender,Virgil van Dijk,/wiki/Virgil_van_Dijk,Liverpool,/wiki/Liverpool_F.C.,F,Netherlands
Defender,Nathan Aké,/wiki/Nathan_Ak%C3%A9,Manchester City,/wiki/Manchester_City_F.C.,F,Netherlands
Defender,Jan Paul van Hecke,/wiki/Jan_Paul_van_Hecke,Brighton & Hove Albion,/wiki/Brighton_%26_Hove_Albion_F.C.,F,Netherlands
Midfielder,Justin Kluivert,/wiki/Justin_Kluivert,Bournemouth,/wiki/AFC_Bournemouth,F,Netherlands
Midfielder,Ryan Gravenberch,/wiki/Ryan_Gravenberch,Liverpool,/wiki/Liverpool_F.C.,F,Netherlands
Forward,Wout Weghorst,/wiki/Wout_Weghorst,Ajax,/wiki/AFC_Ajax,F,Netherlands
Forward,Memphis Depay,/wiki/Memphis_Depay,Corinthians,/wiki/SC_Corinthians_Paulista,F,Netherlands
Forward,Cody Gakpo,/wiki/Cody_Gakpo,Liverpool,/wiki/Liverpool_F.C.,F,Netherlands
Defender,Mats Wieffer,/wiki/Mats_Wieffer,Brighton & Hove Albion,/wiki/Brighton_%26_Hove_Albion_F.C.,F,Netherlands
Goalkeeper,Robin Roefs,/wiki/Robin_Roefs,Sunderland,/wiki/Sunderland_A.F.C.,F,Netherlands
Midfielder,Tijjani Reijnders,/wiki/Tijjani_Reijnders,Manchester City,/wiki/Manchester_City_F.C.,F,Netherlands
Defender,Micky van de Ven,/wiki/Micky_van_de_Ven,Tottenham Hotspur,/wiki/Tottenham_Hotspur_F.C.,F,Netherlands
Midfielder,Guus Til,/wiki/Guus_Til,PSV Eindhoven,/wiki/PSV_Eindhoven,F,Netherlands
Forward,Noa Lang,/wiki/Noa_Lang,Galatasaray,/wiki/Galatasaray_S.K._(football),F,Netherlands
Forward,Donyell Malen,/wiki/Donyell_Malen,Roma,/wiki/AS_Roma,F,Netherlands
Forward,Brian Brobbey,/wiki/Brian_Brobbey,Sunderland,/wiki/Sunderland_A.F.C.,F,Netherlands
Midfielder,Teun Koopmeiners,/wiki/Teun_Koopmeiners,Juventus,/wiki/Juventus_FC,F,Netherlands
Midfielder,Frenkie de Jong,/wiki/Frenkie_de_Jong,Barcelona,/wiki/FC_Barcelona,F,Netherlands
Defender,Denzel Dumfries,/wiki/Denzel_Dumfries,Inter Milan,/wiki/Inter_Milan,F,Netherlands
Goalkeeper,Mark Flekken,/wiki/Mark_Flekken,Bayer Leverkusen,/wiki/Bayer_04_Leverkusen,F,Netherlands
Forward,Crysencio Summerville,/wiki/Crysencio_Summerville,West Ham United,/wiki/West_Ham_United_F.C.,F,Netherlands
Defender,Jorrel Hato,/wiki/Jorrel_Hato,Chelsea,/wiki/Chelsea_F.C.,F,Netherlands
Midfielder,Quinten Timber,/wiki/Quinten_Timber,Marseille,/wiki/Olympique_de_Marseille,F,Netherlands
Goalkeeper,Jacob Widell Zetterström,/wiki/Jacob_Widell_Zetterstr%C3%B6m,Derby County,/wiki/Derby_County_F.C.,F,Sweden
Defender,Gustaf Lagerbielke,/wiki/Gustaf_Lagerbielke_(footballer),Braga,/wiki/S.C._Braga,F,Sweden
Defender,Victor Lindelöf,/wiki/Victor_Lindel%C3%B6f,Aston Villa,/wiki/Aston_Villa_F.C.,F,Sweden
Defender,Isak Hien,/wiki/Isak_Hien,Atalanta,/wiki/Atalanta_BC,F,Sweden
Defender,Gabriel Gudmundsson,/wiki/Gabriel_Gudmundsson,Leeds United,/wiki/Leeds_United_F.C.,F,Sweden
Defender,Herman Johansson,/wiki/Herman_Johansson,FC Dallas,/wiki/FC_Dallas,F,Sweden
Midfielder,Lucas Bergvall,/wiki/Lucas_Bergvall,Tottenham Hotspur,/wiki/Tottenham_Hotspur_F.C.,F,Sweden
Defender,Daniel Svensson,"/wiki/Daniel_Svensson_(footballer,_born_2002)",Borussia Dortmund,/wiki/Borussia_Dortmund,F,Sweden
Forward,Alexander Isak,/wiki/Alexander_Isak,Liverpool,/wiki/Liverpool_F.C.,F,Sweden
Midfielder,Benjamin Nygren,/wiki/Benjamin_Nygren,Celtic,/wiki/Celtic_F.C.,F,Sweden
Forward,Anthony Elanga,/wiki/Anthony_Elanga,Newcastle United,/wiki/Newcastle_United_F.C.,F,Sweden
Goalkeeper,Viktor Johansson,/wiki/Viktor_Johansson,Stoke City,/wiki/Stoke_City_F.C.,F,Sweden
Midfielder,Ken Sema,/wiki/Ken_Sema,Pafos,/wiki/Pafos_FC,F,Sweden
Defender,Hjalmar Ekdal,/wiki/Hjalmar_Ekdal,Burnley,/wiki/Burnley_F.C.,F,Sweden
Defender,Carl Starfelt,/wiki/Carl_Starfelt,Celta Vigo,/wiki/RC_Celta_de_Vigo,F,Sweden
Midfielder,Jesper Karlström,/wiki/Jesper_Karlstr%C3%B6m,Udinese,/wiki/Udinese_Calcio,F,Sweden
Forward,Viktor Gyökeres,/wiki/Viktor_Gy%C3%B6keres,Arsenal,/wiki/Arsenal_F.C.,F,Sweden
Midfielder,Yasin Ayari,/wiki/Yasin_Ayari,Brighton & Hove Albion,/wiki/Brighton_%26_Hove_Albion_F.C.,F,Sweden
Midfielder,Mattias Svanberg,/wiki/Mattias_Svanberg,VfL Wolfsburg,/wiki/VfL_Wolfsburg,F,Sweden
Defender,Eric Smith,/wiki/Eric_Smith_(Swedish_footballer),FC St. Pauli,/wiki/FC_St._Pauli,F,Sweden
Defender,Alexander Bernhardsson,/wiki/Alexander_Bernhardsson,Holstein Kiel,/wiki/Holstein_Kiel,F,Sweden
Midfielder,Besfort Zeneli,/wiki/Besfort_Zeneli,Union Saint-Gilloise,/wiki/Royale_Union_Saint-Gilloise,F,Sweden
Goalkeeper,Kristoffer Nordfeldt,/wiki/Kristoffer_Nordfeldt,AIK,/wiki/AIK_Fotboll,F,Sweden
Defender,Elliot Stroud,/wiki/Elliot_Stroud,Mjällby AIF,/wiki/Mj%C3%A4llby_AIF,F,Sweden
Forward,Gustaf Nilsson,"/wiki/Gustaf_Nilsson_(footballer,_born_1997)",Club Brugge,/wiki/Club_Brugge_KV,F,Sweden
Forward,Taha Ali,/wiki/Taha_Ali,Malmö FF,/wiki/Malm%C3%B6_FF,F,Sweden
Goalkeeper,Mouhib Chamakh,/wiki/Mouhib_Chamakh,Club Africain,/wiki/Club_Africain,F,Tunisia
Defender,Ali Abdi,/wiki/Ali_Abdi_(footballer),Nice,/wiki/OGC_Nice,F,Tunisia
Defender,Montassar Talbi,/wiki/Montassar_Talbi,Lorient,/wiki/FC_Lorient,F,Tunisia
Defender,Omar Rekik,/wiki/Omar_Rekik,Maribor,/wiki/NK_Maribor,F,Tunisia
Defender,Adem Arous,/wiki/Adem_Arous,Kasımpaşa,/wiki/Kas%C4%B1mpa%C5%9Fa_S.K.,F,Tunisia
Defender,Dylan Bronn,/wiki/Dylan_Bronn,Servette,/wiki/Servette_FC,F,Tunisia
Forward,Elias Achouri,/wiki/Elias_Achouri,Copenhagen,/wiki/F.C._Copenhagen,F,Tunisia
Forward,Elias Saad,/wiki/Elias_Saad,Hannover 96,/wiki/Hannover_96,F,Tunisia
Forward,Hazem Mastouri,/wiki/Hazem_Mastouri,Dynamo Makhachkala,/wiki/FC_Dynamo_Makhachkala,F,Tunisia
Midfielder,Hannibal Mejbri,/wiki/Hannibal_Mejbri,Burnley,/wiki/Burnley_F.C.,F,Tunisia
Midfielder,Ismaël Gharbi,/wiki/Isma%C3%ABl_Gharbi,FC Augsburg,/wiki/FC_Augsburg,F,Tunisia
Defender,Mortadha Ben Ouanes,/wiki/Mortadha_Ben_Ouanes,Kasımpaşa,/wiki/Kas%C4%B1mpa%C5%9Fa_S.K.,F,Tunisia
Midfielder,Rani Khedira,/wiki/Rani_Khedira,Union Berlin,/wiki/1._FC_Union_Berlin,F,Tunisia
Midfielder,Khalil Ayari,/wiki/Khalil_Ayari,Paris Saint-Germain,/wiki/Paris_Saint-Germain_FC,F,Tunisia
Midfielder,Hadj Mahmoud,/wiki/Hadj_Mahmoud,Lugano,/wiki/FC_Lugano,F,Tunisia
Goalkeeper,Aymen Dahmen,/wiki/Aymen_Dahmen,CS Sfaxien,/wiki/CS_Sfaxien,F,Tunisia
Midfielder,Ellyes Skhiri,/wiki/Ellyes_Skhiri,Eintracht Frankfurt,/wiki/Eintracht_Frankfurt,F,Tunisia
Forward,Rayan Elloumi,/wiki/Rayan_Elloumi,Vancouver Whitecaps FC,/wiki/Vancouver_Whitecaps_FC,F,Tunisia
Forward,Firas Chaouat,/wiki/Firas_Chaouat,Club Africain,/wiki/Club_Africain,F,Tunisia
Defender,Yan Valery,/wiki/Yan_Valery,Young Boys,/wiki/BSC_Young_Boys,F,Tunisia
Defender,Mohamed Amine Ben Hamida,/wiki/Mohamed_Amine_Ben_Hamida,Espérance de Tunis,/wiki/Esp%C3%A9rance_Sportive_de_Tunis,F,Tunisia
Goalkeeper,Sabri Ben Hessen,/wiki/Sabri_Ben_Hessen,Étoile du Sahel,/wiki/%C3%89toile_Sportive_du_Sahel,F,Tunisia
Defender,Moutaz Neffati,/wiki/Moutaz_Neffati,IFK Norrköping,/wiki/IFK_Norrk%C3%B6ping,F,Tunisia
Defender,Raed Chikhaoui,/wiki/Raed_Chikhaoui,US Monastir,/wiki/US_Monastir_(football),F,Tunisia
Midfielder,Anis Ben Slimane,/wiki/Anis_Ben_Slimane,Norwich City,/wiki/Norwich_City_F.C.,F,Tunisia
Midfielder,Sebastian Tounekti,/wiki/Sebastian_Tounekti,Celtic,/wiki/Celtic_F.C.,F,Tunisia
Goalkeeper,Thibaut Courtois,/wiki/Thibaut_Courtois,Real Madrid,/wiki/Real_Madrid_CF,G,Belgium
Defender,Zeno Debast,/wiki/Zeno_Debast,Sporting CP,/wiki/Sporting_CP,G,Belgium
Defender,Arthur Theate,/wiki/Arthur_Theate,Eintracht Frankfurt,/wiki/Eintracht_Frankfurt,G,Belgium
Defender,Brandon Mechele,/wiki/Brandon_Mechele,Club Brugge,/wiki/Club_Brugge_KV,G,Belgium
Defender,Maxim De Cuyper,/wiki/Maxim_De_Cuyper,Brighton & Hove Albion,/wiki/Brighton_%26_Hove_Albion_F.C.,G,Belgium
Midfielder,Axel Witsel,/wiki/Axel_Witsel,Girona,/wiki/Girona_FC,G,Belgium
Midfielder,Kevin De Bruyne,/wiki/Kevin_De_Bruyne,Napoli,/wiki/SSC_Napoli,G,Belgium
Midfielder,Youri Tielemans,/wiki/Youri_Tielemans,Aston Villa,/wiki/Aston_Villa_F.C.,G,Belgium
Forward,Romelu Lukaku,/wiki/Romelu_Lukaku,Napoli,/wiki/SSC_Napoli,G,Belgium
Forward,Leandro Trossard,/wiki/Leandro_Trossard,Arsenal,/wiki/Arsenal_F.C.,G,Belgium
Forward,Jérémy Doku,/wiki/J%C3%A9r%C3%A9my_Doku,Manchester City,/wiki/Manchester_City_F.C.,G,Belgium
Goalkeeper,Senne Lammens,/wiki/Senne_Lammens,Manchester United,/wiki/Manchester_United_F.C.,G,Belgium
Goalkeeper,Mike Penders,/wiki/Mike_Penders,Strasbourg,/wiki/RC_Strasbourg_Alsace,G,Belgium
Forward,Dodi Lukébakio,/wiki/Dodi_Luk%C3%A9bakio,Benfica,/wiki/S.L._Benfica,G,Belgium
Defender,Thomas Meunier,/wiki/Thomas_Meunier,Lille,/wiki/Lille_OSC,G,Belgium
Defender,Koni De Winter,/wiki/Koni_De_Winter,Milan,/wiki/AC_Milan,G,Belgium
Forward,Charles De Ketelaere,/wiki/Charles_De_Ketelaere,Atalanta,/wiki/Atalanta_BC,G,Belgium
Defender,Joaquin Seys,/wiki/Joaquin_Seys,Club Brugge,/wiki/Club_Brugge_KV,G,Belgium
Midfielder,Diego Moreira,/wiki/Diego_Moreira,Strasbourg,/wiki/RC_Strasbourg_Alsace,G,Belgium
Midfielder,Hans Vanaken,/wiki/Hans_Vanaken,Club Brugge,/wiki/Club_Brugge_KV,G,Belgium
Defender,Timothy Castagne,/wiki/Timothy_Castagne,Fulham,/wiki/Fulham_F.C.,G,Belgium
Midfielder,Alexis Saelemaekers,/wiki/Alexis_Saelemaekers,Milan,/wiki/AC_Milan,G,Belgium
Midfielder,Nicolas Raskin,/wiki/Nicolas_Raskin,Rangers,/wiki/Rangers_F.C.,G,Belgium
Midfielder,Amadou Onana,/wiki/Amadou_Onana,Aston Villa,/wiki/Aston_Villa_F.C.,G,Belgium
Defender,Nathan Ngoy,/wiki/Nathan_Ngoy,Lille,/wiki/Lille_OSC,G,Belgium
Forward,Matias Fernandez-Pardo,/wiki/Matias_Fernandez-Pardo,Lille,/wiki/Lille_OSC,G,Belgium
Goalkeeper,Mohamed El Shenawy,/wiki/Mohamed_El_Shenawy,Al Ahly,/wiki/Al_Ahly_SC,G,Egypt
Defender,Yasser Ibrahim,/wiki/Yasser_Ibrahim,Al Ahly,/wiki/Al_Ahly_SC,G,Egypt
Defender,Mohamed Hany,/wiki/Mohamed_Hany,Al Ahly,/wiki/Al_Ahly_SC,G,Egypt
Defender,Hossam Abdelmaguid,/wiki/Hossam_Abdelmaguid,Zamalek,/wiki/Zamalek_SC,G,Egypt
Defender,Ramy Rabia,/wiki/Ramy_Rabia,Al Ain,/wiki/Al_Ain_FC,G,Egypt
Defender,Mohamed Abdelmonem,/wiki/Mohamed_Abdelmonem,Nice,/wiki/OGC_Nice,G,Egypt
Forward,Trézéguet,/wiki/Tr%C3%A9z%C3%A9guet_(Egyptian_footballer),Al Ahly,/wiki/Al_Ahly_SC,G,Egypt
Midfielder,Emam Ashour,/wiki/Emam_Ashour,Al Ahly,/wiki/Al_Ahly_SC,G,Egypt
Forward,Hamza Abdelkarim,/wiki/Hamza_Abdelkarim,Barcelona B,/wiki/FC_Barcelona_Atl%C3%A8tic,G,Egypt
Forward,Mohamed Salah,/wiki/Mohamed_Salah,Liverpool,/wiki/Liverpool_F.C.,G,Egypt
Midfielder,Mostafa Ziko,/wiki/Mostafa_Ziko,Pyramids,/wiki/Pyramids_FC,G,Egypt
Forward,Haissem Hassan,/wiki/Haissem_Hassan,Oviedo,/wiki/Real_Oviedo,G,Egypt
Defender,Ahmed Fatouh,/wiki/Ahmed_Fatouh,Zamalek,/wiki/Zamalek_SC,G,Egypt
Midfielder,Hamdy Fathy,/wiki/Hamdy_Fathy,Al-Wakrah,/wiki/Al-Wakrah_SC,G,Egypt
Defender,Karim Hafez,/wiki/Karim_Hafez,Pyramids,/wiki/Pyramids_FC,G,Egypt
Goalkeeper,El Mahdy Soliman,/wiki/El_Mahdy_Soliman,Zamalek,/wiki/Zamalek_SC,G,Egypt
Midfielder,Mohanad Lasheen,/wiki/Mohanad_Lasheen,Pyramids,/wiki/Pyramids_FC,G,Egypt
Midfielder,Nabil Emad,/wiki/Nabil_Emad,Al-Najma,/wiki/Al-Najma_SC_(Saudi_Arabia),G,Egypt
Midfielder,Marwan Attia,/wiki/Marwan_Attia,Al Ahly,/wiki/Al_Ahly_SC,G,Egypt
Forward,Ibrahim Adel,/wiki/Ibrahim_Adel,Nordsjælland,/wiki/FC_Nordsj%C3%A6lland,G,Egypt
Midfielder,Mahmoud Saber,/wiki/Mahmoud_Saber,ZED,/wiki/ZED_FC,G,Egypt
Forward,Omar Marmoush,/wiki/Omar_Marmoush,Manchester City,/wiki/Manchester_City_F.C.,G,Egypt
Goalkeeper,Mostafa Shobeir,/wiki/Mostafa_Shobeir,Al Ahly,/wiki/Al_Ahly_SC,G,Egypt
Defender,Tarek Alaa,"/wiki/Tarek_Alaa_(footballer,_born_2002)",ZED,/wiki/ZED_FC,G,Egypt
Forward,Zizo,/wiki/Zizo_(footballer),Al Ahly,/wiki/Al_Ahly_SC,G,Egypt
Goalkeeper,Mohamed Alaa,/wiki/Mohamed_Alaa,El Gouna,/wiki/El_Gouna_FC,G,Egypt
Goalkeeper,Alireza Beiranvand,/wiki/Alireza_Beiranvand,Tractor,/wiki/Tractor_S.C.,G,Iran
Defender,Saleh Hardani,/wiki/Saleh_Hardani,Esteghlal,/wiki/Esteghlal_F.C.,G,Iran
Defender,Ehsan Hajsafi,/wiki/Ehsan_Hajsafi,Sepahan,/wiki/Sepahan_S.C.,G,Iran
Defender,Shojae Khalilzadeh,/wiki/Shojae_Khalilzadeh,Tractor,/wiki/Tractor_S.C.,G,Iran
Defender,Milad Mohammadi,/wiki/Milad_Mohammadi,Persepolis,/wiki/Persepolis_F.C.,G,Iran
Midfielder,Saeid Ezatolahi,/wiki/Saeid_Ezatolahi,Shabab Al Ahli,/wiki/Shabab_Al_Ahli_Club,G,Iran
Midfielder,Alireza Jahanbakhsh,/wiki/Alireza_Jahanbakhsh,Dender,/wiki/FCV_Dender_EH,G,Iran
Midfielder,Mohammad Mohebi,/wiki/Mohammad_Mohebi,Rostov,/wiki/FC_Rostov,G,Iran
Forward,Mehdi Taremi,/wiki/Mehdi_Taremi,Olympiacos,/wiki/Olympiacos_F.C.,G,Iran
Forward,Mehdi Ghayedi,/wiki/Mehdi_Ghayedi,Al Nasr,/wiki/Al-Nasr_SC_(Dubai),G,Iran
Forward,Ali Alipour,/wiki/Ali_Alipour,Persepolis,/wiki/Persepolis_F.C.,G,Iran
Goalkeeper,Payam Niazmand,/wiki/Payam_Niazmand,Persepolis,/wiki/Persepolis_F.C.,G,Iran
Defender,Hossein Kanaanizadegan,/wiki/Hossein_Kanaanizadegan,Persepolis,/wiki/Persepolis_F.C.,G,Iran
Midfielder,Saman Ghoddos,/wiki/Saman_Ghoddos,Kalba,/wiki/Kalba_FC,G,Iran
Midfielder,Rouzbeh Cheshmi,/wiki/Rouzbeh_Cheshmi,Esteghlal,/wiki/Esteghlal_F.C.,G,Iran
Midfielder,Mahdi Torabi,/wiki/Mahdi_Torabi,Tractor,/wiki/Tractor_S.C.,G,Iran
Defender,Arya Yousefi,/wiki/Arya_Yousefi,Sepahan,/wiki/Sepahan_S.C.,G,Iran
Forward,Amirhossein Hosseinzadeh,/wiki/Amirhossein_Hosseinzadeh,Tractor,/wiki/Tractor_S.C.,G,Iran
Defender,Ali Nemati,/wiki/Ali_Nemati,Foolad,/wiki/Foolad_F.C.,G,Iran
Forward,Shahriyar Moghanlou,/wiki/Shahriyar_Moghanlou,Kalba,/wiki/Kalba_FC,G,Iran
Midfielder,Mohammad Ghorbani,/wiki/Mohammad_Ghorbani_(footballer),Al Wahda,/wiki/Al_Wahda_FC,G,Iran
Goalkeeper,Hossein Hosseini,"/wiki/Hossein_Hosseini_(footballer,_born_1992)",Sepahan,/wiki/Sepahan_S.C.,G,Iran
Defender,Ramin Rezaeian,/wiki/Ramin_Rezaeian,Foolad,/wiki/Foolad_F.C.,G,Iran
Forward,Dennis Eckert,/wiki/Dennis_Eckert,Standard Liège,/wiki/Standard_Li%C3%A8ge,G,Iran
Defender,Danial Eiri,/wiki/Danial_Eiri,Malavan,/wiki/Malavan_F.C.,G,Iran
Midfielder,Amirmohammad Razzaghinia,/wiki/Amirmohammad_Razzaghinia,Esteghlal,/wiki/Esteghlal_F.C.,G,Iran
Goalkeeper,Max Crocombe,/wiki/Max_Crocombe,Millwall,/wiki/Millwall_F.C.,G,New Zealand
Defender,Tim Payne,/wiki/Tim_Payne_(footballer),Wellington Phoenix,/wiki/Wellington_Phoenix_FC,G,New Zealand
Defender,Francis de Vries,/wiki/Francis_de_Vries,Auckland FC,/wiki/Auckland_FC,G,New Zealand
Defender,Tyler Bindon,/wiki/Tyler_Bindon,Sheffield United,/wiki/Sheffield_United_F.C.,G,New Zealand
Defender,Michael Boxall,/wiki/Michael_Boxall,Minnesota United FC,/wiki/Minnesota_United_FC,G,New Zealand
Midfielder,Joe Bell,/wiki/Joe_Bell_(footballer),Viking,/wiki/Viking_FK,G,New Zealand
Forward,Logan Rogerson,/wiki/Logan_Rogerson,Auckland FC,/wiki/Auckland_FC,G,New Zealand
Midfielder,Marko Stamenić,/wiki/Marko_Stameni%C4%87,Swansea City,/wiki/Swansea_City_A.F.C.,G,New Zealand
Forward,Chris Wood,"/wiki/Chris_Wood_(footballer,_born_1991)",Nottingham Forest,/wiki/Nottingham_Forest_F.C.,G,New Zealand
Midfielder,Sarpreet Singh,/wiki/Sarpreet_Singh,Wellington Phoenix,/wiki/Wellington_Phoenix_FC,G,New Zealand
Midfielder,Elijah Just,/wiki/Elijah_Just,Motherwell,/wiki/Motherwell_F.C.,G,New Zealand
Goalkeeper,Alex Paulsen,/wiki/Alex_Paulsen,Lechia Gdańsk,/wiki/Lechia_Gda%C5%84sk,G,New Zealand
Defender,Liberato Cacace,/wiki/Liberato_Cacace,Wrexham,/wiki/Wrexham_A.F.C.,G,New Zealand
Midfielder,Alex Rufer,/wiki/Alex_Rufer,Wellington Phoenix,/wiki/Wellington_Phoenix_FC,G,New Zealand
Defender,Nando Pijnaker,/wiki/Nando_Pijnaker,Auckland FC,/wiki/Auckland_FC,G,New Zealand
Defender,Finn Surman,/wiki/Finn_Surman,Portland Timbers,/wiki/Portland_Timbers,G,New Zealand
Forward,Kosta Barbarouses,/wiki/Kosta_Barbarouses,Western Sydney Wanderers,/wiki/Western_Sydney_Wanderers_FC,G,New Zealand
Forward,Ben Waine,/wiki/Ben_Waine,Port Vale,/wiki/Port_Vale_F.C.,G,New Zealand
Midfielder,Ben Old,/wiki/Ben_Old,Saint-Étienne,/wiki/AS_Saint-%C3%89tienne,G,New Zealand
Midfielder,Callum McCowatt,/wiki/Callum_McCowatt,Silkeborg,/wiki/Silkeborg_IF,G,New Zealand
Forward,Jesse Randall,/wiki/Jesse_Randall,Auckland FC,/wiki/Auckland_FC,G,New Zealand
Goalkeeper,Michael Woud,/wiki/Michael_Woud,Auckland FC,/wiki/Auckland_FC,G,New Zealand
Midfielder,Ryan Thomas,/wiki/Ryan_Thomas_(footballer),PEC Zwolle,/wiki/PEC_Zwolle,G,New Zealand
Defender,Callan Elliot,/wiki/Callan_Elliot,Auckland FC,/wiki/Auckland_FC,G,New Zealand
Midfielder,Lachlan Bayliss,/wiki/Lachlan_Bayliss,Newcastle Jets,/wiki/Newcastle_Jets_FC,G,New Zealand
Defender,Tommy Smith,"/wiki/Tommy_Smith_(footballer,_born_1990)",Braintree Town,/wiki/Braintree_Town_F.C.,G,New Zealand
Goalkeeper,Vozinha,/wiki/Vozinha,Chaves,/wiki/G.D._Chaves,H,Cape Verde
Defender,Stopira,/wiki/Stopira,Torreense,/wiki/S.C.U._Torreense,H,Cape Verde
Defender,Diney,"/wiki/Diney_(footballer,_born_1995)",Al Bataeh,/wiki/Al_Bataeh_Club,H,Cape Verde
Defender,Pico,/wiki/Pico_Lopes,Shamrock Rovers,/wiki/Shamrock_Rovers_F.C.,H,Cape Verde
Defender,Logan Costa,/wiki/Logan_Costa,Villarreal,/wiki/Villarreal_CF,H,Cape Verde
Midfielder,Kevin Pina,/wiki/Kevin_Pina_(footballer),Krasnodar,/wiki/FC_Krasnodar,H,Cape Verde
Midfielder,Jovane Cabral,/wiki/Jovane_Cabral,Estrela Amadora,/wiki/C.F._Estrela_da_Amadora,H,Cape Verde
Midfielder,João Paulo,/wiki/Jo%C3%A3o_Paulo_Fernandes_(footballer),FCSB,/wiki/FCSB,H,Cape Verde
Forward,Gilson Benchimol,/wiki/Gilson_Benchimol,Akron Tolyatti,/wiki/FC_Akron_Tolyatti,H,Cape Verde
Midfielder,Jamiro Monteiro,/wiki/Jamiro_Monteiro,PEC Zwolle,/wiki/PEC_Zwolle,H,Cape Verde
Midfielder,Garry Rodrigues,/wiki/Garry_Rodrigues,Apollon Limassol,/wiki/Apollon_Limassol_FC,H,Cape Verde
Goalkeeper,Márcio Rosa,/wiki/M%C3%A1rcio_Rosa,Montana,/wiki/PFC_Montana,H,Cape Verde
Defender,Sidny Lopes Cabral,/wiki/Sidny_Lopes_Cabral,Benfica,/wiki/S.L._Benfica,H,Cape Verde
Midfielder,Deroy Duarte,/wiki/Deroy_Duarte,Ludogorets Razgrad,/wiki/PFC_Ludogorets_Razgrad,H,Cape Verde
Midfielder,Laros Duarte,/wiki/Laros_Duarte,Puskás Akadémia,/wiki/Pusk%C3%A1s_Akad%C3%A9mia_FC,H,Cape Verde
Midfielder,Yannick Semedo,/wiki/Yannick_Semedo,Farense,/wiki/S.C._Farense,H,Cape Verde
Midfielder,Willy Semedo,/wiki/Willy_Semedo,Omonia,/wiki/AC_Omonia,H,Cape Verde
Midfielder,Telmo Arcanjo,/wiki/Telmo_Arcanjo,Vitória de Guimarães,/wiki/Vit%C3%B3ria_S.C.,H,Cape Verde
Forward,Dailon Livramento,/wiki/Dailon_Livramento,Casa Pia,/wiki/Casa_Pia_A.C.,H,Cape Verde
Forward,Ryan Mendes,/wiki/Ryan_Mendes,Iğdır,/wiki/I%C4%9Fd%C4%B1r_F.K.,H,Cape Verde
Midfielder,Nuno da Costa,/wiki/Nuno_da_Costa,İstanbul Başakşehir,/wiki/%C4%B0stanbul_Ba%C5%9Fak%C5%9Fehir_F.K.,H,Cape Verde
Defender,Steven Moreira,/wiki/Steven_Moreira,Columbus Crew,/wiki/Columbus_Crew,H,Cape Verde
Goalkeeper,CJ dos Santos,/wiki/CJ_dos_Santos,San Diego FC,/wiki/San_Diego_FC,H,Cape Verde
Defender,Wagner Pina,/wiki/Wagner_Pina,Trabzonspor,/wiki/Trabzonspor,H,Cape Verde
Defender,Kelvin Pires,/wiki/Kelvin_Pires,SJK,/wiki/Sein%C3%A4joen_Jalkapallokerho,H,Cape Verde
Midfielder,Hélio Varela,/wiki/H%C3%A9lio_Varela,Maccabi Tel Aviv,/wiki/Maccabi_Tel_Aviv_F.C.,H,Cape Verde
Goalkeeper,Nawaf Al-Aqidi,/wiki/Nawaf_Al-Aqidi,Al-Nassr,/wiki/Al-Nassr_FC,H,Saudi Arabia
Defender,Ali Majrashi,/wiki/Ali_Majrashi,Al-Ahli,/wiki/Al-Ahli_Saudi_FC,H,Saudi Arabia
Defender,Ali Lajami,/wiki/Ali_Lajami,Al-Hilal,/wiki/Al_Hilal_SFC,H,Saudi Arabia
Defender,Abdulelah Al-Amri,/wiki/Abdulelah_Al-Amri,Al-Nassr,/wiki/Al-Nassr_FC,H,Saudi Arabia
Defender,Hassan Al-Tambakti,/wiki/Hassan_Al-Tambakti,Al-Hilal,/wiki/Al_Hilal_SFC,H,Saudi Arabia
Midfielder,Nasser Al-Dawsari,/wiki/Nasser_Al-Dawsari,Al-Hilal,/wiki/Al_Hilal_SFC,H,Saudi Arabia
Midfielder,Musab Al-Juwayr,/wiki/Musab_Al-Juwayr,Al-Qadsiah,/wiki/Al_Qadsiah_FC,H,Saudi Arabia
Forward,Ayman Yahya,/wiki/Ayman_Yahya,Al-Nassr,/wiki/Al-Nassr_FC,H,Saudi Arabia
Forward,Firas Al-Buraikan,/wiki/Firas_Al-Buraikan,Al-Ahli,/wiki/Al-Ahli_Saudi_FC,H,Saudi Arabia
Forward,Salem Al-Dawsari,/wiki/Salem_Al-Dawsari,Al-Hilal,/wiki/Al_Hilal_SFC,H,Saudi Arabia
Forward,Saleh Al-Shehri,/wiki/Saleh_Al-Shehri,Al-Ittihad,/wiki/Al-Ittihad_Club_(Jeddah),H,Saudi Arabia
Defender,Saud Abdulhamid,/wiki/Saud_Abdulhamid,Lens,/wiki/RC_Lens,H,Saudi Arabia
Defender,Nawaf Boushal,/wiki/Nawaf_Boushal,Al-Nassr,/wiki/Al-Nassr_FC,H,Saudi Arabia
Defender,Hassan Kadesh,/wiki/Hassan_Kadesh,Al-Ittihad,/wiki/Al-Ittihad_Club_(Jeddah),H,Saudi Arabia
Midfielder,Abdullah Al-Khaibari,/wiki/Abdullah_Al-Khaibari,Al-Nassr,/wiki/Al-Nassr_FC,H,Saudi Arabia
Midfielder,Ziyad Al-Johani,/wiki/Ziyad_Al-Johani,Al-Ahli,/wiki/Al-Ahli_Saudi_FC,H,Saudi Arabia
Forward,Khalid Al-Ghannam,/wiki/Khalid_Al-Ghannam,Al-Ettifaq,/wiki/Al-Ettifaq_Club,H,Saudi Arabia
Midfielder,Alaa Al-Hejji,/wiki/Alaa_Al-Hejji,Neom,/wiki/Neom_SC,H,Saudi Arabia
Forward,Abdullah Al-Hamdan,/wiki/Abdullah_Al-Hamdan,Al-Nassr,/wiki/Al-Nassr_FC,H,Saudi Arabia
Forward,Sultan Mandash,/wiki/Sultan_Mandash,Al-Hilal,/wiki/Al_Hilal_SFC,H,Saudi Arabia
Goalkeeper,Mohammed Al-Owais,/wiki/Mohammed_Al-Owais,Al-Ula,/wiki/Al-Ula_FC,H,Saudi Arabia
Goalkeeper,Ahmed Al-Kassar,/wiki/Ahmed_Al-Kassar,Al-Qadsiah,/wiki/Al_Qadsiah_FC,H,Saudi Arabia
Midfielder,Mohamed Kanno,/wiki/Mohamed_Kanno,Al-Hilal,/wiki/Al_Hilal_SFC,H,Saudi Arabia
Defender,Moteb Al-Harbi,/wiki/Moteb_Al-Harbi,Al-Hilal,/wiki/Al_Hilal_SFC,H,Saudi Arabia
Defender,Jehad Thakri,/wiki/Jehad_Thakri,Al-Qadsiah,/wiki/Al_Qadsiah_FC,H,Saudi Arabia
Defender,Mohammed Abu Al-Shamat,/wiki/Mohammed_Abu_Al-Shamat,Al-Qadsiah,/wiki/Al_Qadsiah_FC,H,Saudi Arabia
Goalkeeper,David Raya,/wiki/David_Raya,Arsenal,/wiki/Arsenal_F.C.,H,Spain
Defender,Marc Pubill,/wiki/Marc_Pubill,Atlético Madrid,/wiki/Atl%C3%A9tico_Madrid,H,Spain
Defender,Álex Grimaldo,/wiki/%C3%81lex_Grimaldo,Bayer Leverkusen,/wiki/Bayer_04_Leverkusen,H,Spain
Defender,Eric García,"/wiki/Eric_Garc%C3%ADa_(footballer,_born_2001)",Barcelona,/wiki/FC_Barcelona,H,Spain
Defender,Marcos Llorente,/wiki/Marcos_Llorente,Atlético Madrid,/wiki/Atl%C3%A9tico_Madrid,H,Spain
Midfielder,Mikel Merino,/wiki/Mikel_Merino,Arsenal,/wiki/Arsenal_F.C.,H,Spain
Forward,Ferran Torres,/wiki/Ferran_Torres,Barcelona,/wiki/FC_Barcelona,H,Spain
Midfielder,Fabián Ruiz,/wiki/Fabi%C3%A1n_Ruiz,Paris Saint-Germain,/wiki/Paris_Saint-Germain_FC,H,Spain
Midfielder,Gavi,/wiki/Gavi_(footballer),Barcelona,/wiki/FC_Barcelona,H,Spain
Forward,Dani Olmo,/wiki/Dani_Olmo,Barcelona,/wiki/FC_Barcelona,H,Spain
Forward,Yéremy Pino,/wiki/Y%C3%A9remy_Pino,Crystal Palace,/wiki/Crystal_Palace_F.C.,H,Spain
Defender,Pedro Porro,/wiki/Pedro_Porro,Tottenham Hotspur,/wiki/Tottenham_Hotspur_F.C.,H,Spain
Goalkeeper,Joan Garcia,/wiki/Joan_Garcia,Barcelona,/wiki/FC_Barcelona,H,Spain
Defender,Aymeric Laporte,/wiki/Aymeric_Laporte,Athletic Bilbao,/wiki/Athletic_Bilbao,H,Spain
Midfielder,Álex Baena,/wiki/%C3%81lex_Baena,Atlético Madrid,/wiki/Atl%C3%A9tico_Madrid,H,Spain
Midfielder,Rodri,"/wiki/Rodri_(footballer,_born_1996)",Manchester City,/wiki/Manchester_City_F.C.,H,Spain
Forward,Nico Williams,/wiki/Nico_Williams,Athletic Bilbao,/wiki/Athletic_Bilbao,H,Spain
Midfielder,Martín Zubimendi,/wiki/Mart%C3%ADn_Zubimendi,Arsenal,/wiki/Arsenal_F.C.,H,Spain
Forward,Lamine Yamal,/wiki/Lamine_Yamal,Barcelona,/wiki/FC_Barcelona,H,Spain
Midfielder,Pedri,/wiki/Pedri,Barcelona,/wiki/FC_Barcelona,H,Spain
Forward,Mikel Oyarzabal,/wiki/Mikel_Oyarzabal,Real Sociedad,/wiki/Real_Sociedad,H,Spain
Defender,Pau Cubarsí,/wiki/Pau_Cubars%C3%AD,Barcelona,/wiki/FC_Barcelona,H,Spain
Goalkeeper,Unai Simón,/wiki/Unai_Sim%C3%B3n,Athletic Bilbao,/wiki/Athletic_Bilbao,H,Spain
Defender,Marc Cucurella,/wiki/Marc_Cucurella,Chelsea,/wiki/Chelsea_F.C.,H,Spain
Forward,Víctor Muñoz,"/wiki/V%C3%ADctor_Mu%C3%B1oz_(footballer,_born_2003)",Osasuna,/wiki/CA_Osasuna,H,Spain
Forward,Borja Iglesias,/wiki/Borja_Iglesias,Celta Vigo,/wiki/RC_Celta_de_Vigo,H,Spain
Goalkeeper,Sergio Rochet,/wiki/Sergio_Rochet,Internacional,/wiki/SC_Internacional,H,Uruguay
Defender,José María Giménez,/wiki/Jos%C3%A9_Mar%C3%ADa_Gim%C3%A9nez,Atlético Madrid,/wiki/Atl%C3%A9tico_Madrid,H,Uruguay
Defender,Sebastián Cáceres,/wiki/Sebasti%C3%A1n_C%C3%A1ceres,América,/wiki/Club_Am%C3%A9rica,H,Uruguay
Defender,Ronald Araújo,/wiki/Ronald_Ara%C3%BAjo,Barcelona,/wiki/FC_Barcelona,H,Uruguay
Midfielder,Manuel Ugarte,/wiki/Manuel_Ugarte_(footballer),Manchester United,/wiki/Manchester_United_F.C.,H,Uruguay
Midfielder,Rodrigo Bentancur,/wiki/Rodrigo_Bentancur,Tottenham Hotspur,/wiki/Tottenham_Hotspur_F.C.,H,Uruguay
Midfielder,Nicolás de la Cruz,/wiki/Nicol%C3%A1s_de_la_Cruz,Flamengo,/wiki/CR_Flamengo,H,Uruguay
Midfielder,Federico Valverde,/wiki/Federico_Valverde,Real Madrid,/wiki/Real_Madrid_CF,H,Uruguay
Forward,Darwin Núñez,/wiki/Darwin_N%C3%BA%C3%B1ez,Al-Hilal,/wiki/Al_Hilal_SFC,H,Uruguay
Midfielder,Giorgian de Arrascaeta,/wiki/Giorgian_de_Arrascaeta,Flamengo,/wiki/CR_Flamengo,H,Uruguay
Forward,Facundo Pellistri,/wiki/Facundo_Pellistri,Panathinaikos,/wiki/Panathinaikos_F.C.,H,Uruguay
Goalkeeper,Santiago Mele,/wiki/Santiago_Mele,Monterrey,/wiki/C.F._Monterrey,H,Uruguay
Defender,Guillermo Varela,/wiki/Guillermo_Varela,Flamengo,/wiki/CR_Flamengo,H,Uruguay
Midfielder,Agustín Canobbio,/wiki/Agust%C3%ADn_Canobbio,Fluminense,/wiki/Fluminense_FC,H,Uruguay
Midfielder,Emiliano Martínez,"/wiki/Emiliano_Mart%C3%ADnez_(footballer,_born_1999)",Palmeiras,/wiki/SE_Palmeiras,H,Uruguay
Defender,Mathías Olivera,/wiki/Math%C3%ADas_Olivera,Napoli,/wiki/SSC_Napoli,H,Uruguay
Defender,Matías Viña,/wiki/Mat%C3%ADas_Vi%C3%B1a,River Plate,/wiki/Club_Atl%C3%A9tico_River_Plate,H,Uruguay
Forward,Brian Rodríguez,/wiki/Brian_Rodr%C3%ADguez,América,/wiki/Club_Am%C3%A9rica,H,Uruguay
Forward,Rodrigo Aguirre,/wiki/Rodrigo_Aguirre,Tigres UANL,/wiki/Tigres_UANL,H,Uruguay
Midfielder,Maximiliano Araújo,/wiki/Maximiliano_Ara%C3%BAjo,Sporting CP,/wiki/Sporting_CP,H,Uruguay
Forward,Federico Viñas,/wiki/Federico_Vi%C3%B1as,Oviedo,/wiki/Real_Oviedo,H,Uruguay
Midfielder,Joaquín Piquerez,/wiki/Joaqu%C3%ADn_Piquerez,Palmeiras,/wiki/SE_Palmeiras,H,Uruguay
Goalkeeper,Fernando Muslera,/wiki/Fernando_Muslera,Estudiantes,/wiki/Estudiantes_de_La_Plata,H,Uruguay
Defender,Santiago Bueno,/wiki/Santiago_Bueno,Wolverhampton Wanderers,/wiki/Wolverhampton_Wanderers_F.C.,H,Uruguay
Midfielder,Juan Manuel Sanabria,/wiki/Juan_Manuel_Sanabria,Real Salt Lake,/wiki/Real_Salt_Lake,H,Uruguay
Midfielder,Rodrigo Zalazar,/wiki/Rodrigo_Zalazar,Braga,/wiki/S.C._Braga,H,Uruguay
Goalkeeper,Brice Samba,/wiki/Brice_Samba,Rennes,/wiki/Stade_Rennais_FC,I,France
Defender,Malo Gusto,/wiki/Malo_Gusto,Chelsea,/wiki/Chelsea_F.C.,I,France
Defender,Lucas Digne,/wiki/Lucas_Digne,Aston Villa,/wiki/Aston_Villa_F.C.,I,France
Defender,Dayot Upamecano,/wiki/Dayot_Upamecano,Bayern Munich,/wiki/FC_Bayern_Munich,I,France
Defender,Jules Koundé,/wiki/Jules_Kound%C3%A9,Barcelona,/wiki/FC_Barcelona,I,France
Midfielder,Manu Koné,/wiki/Manu_Kon%C3%A9,Roma,/wiki/AS_Roma,I,France
Forward,Ousmane Dembélé,/wiki/Ousmane_Demb%C3%A9l%C3%A9,Paris Saint-Germain,/wiki/Paris_Saint-Germain_FC,I,France
Midfielder,Aurélien Tchouaméni,/wiki/Aur%C3%A9lien_Tchouam%C3%A9ni,Real Madrid,/wiki/Real_Madrid_CF,I,France
Forward,Marcus Thuram,/wiki/Marcus_Thuram,Inter Milan,/wiki/Inter_Milan,I,France
Forward,Kylian Mbappé,/wiki/Kylian_Mbapp%C3%A9,Real Madrid,/wiki/Real_Madrid_CF,I,France
Forward,Michael Olise,/wiki/Michael_Olise,Bayern Munich,/wiki/FC_Bayern_Munich,I,France
Forward,Bradley Barcola,/wiki/Bradley_Barcola,Paris Saint-Germain,/wiki/Paris_Saint-Germain_FC,I,France
Midfielder,N'Golo Kanté,/wiki/N%27Golo_Kant%C3%A9,Fenerbahçe,/wiki/Fenerbah%C3%A7e_S.K._(football),I,France
Midfielder,Adrien Rabiot,/wiki/Adrien_Rabiot,Milan,/wiki/AC_Milan,I,France
Defender,Ibrahima Konaté,/wiki/Ibrahima_Konat%C3%A9,Liverpool,/wiki/Liverpool_F.C.,I,France
Goalkeeper,Mike Maignan,/wiki/Mike_Maignan,Milan,/wiki/AC_Milan,I,France
Defender,William Saliba,/wiki/William_Saliba,Arsenal,/wiki/Arsenal_F.C.,I,France
Midfielder,Warren Zaïre-Emery,/wiki/Warren_Za%C3%AFre-Emery,Paris Saint-Germain,/wiki/Paris_Saint-Germain_FC,I,France
Defender,Théo Hernandez,/wiki/Th%C3%A9o_Hernandez,Al-Hilal,/wiki/Al_Hilal_SFC,I,France
Forward,Désiré Doué,/wiki/D%C3%A9sir%C3%A9_Dou%C3%A9,Paris Saint-Germain,/wiki/Paris_Saint-Germain_FC,I,France
Defender,Lucas Hernandez,/wiki/Lucas_Hernandez,Paris Saint-Germain,/wiki/Paris_Saint-Germain_FC,I,France
Forward,Jean-Philippe Mateta,/wiki/Jean-Philippe_Mateta,Crystal Palace,/wiki/Crystal_Palace_F.C.,I,France
Goalkeeper,Robin Risser,/wiki/Robin_Risser,Lens,/wiki/RC_Lens,I,France
Midfielder,Rayan Cherki,/wiki/Rayan_Cherki,Manchester City,/wiki/Manchester_City_F.C.,I,France
Midfielder,Maghnes Akliouche,/wiki/Maghnes_Akliouche,Monaco,/wiki/AS_Monaco_FC,I,France
Defender,Maxence Lacroix,/wiki/Maxence_Lacroix,Crystal Palace,/wiki/Crystal_Palace_F.C.,I,France
Goalkeeper,Fahad Talib,/wiki/Fahad_Talib,Al-Talaba,/wiki/Al-Talaba_SC,I,Iraq
Defender,Rebin Sulaka,/wiki/Rebin_Sulaka,Port,/wiki/Port_F.C.,I,Iraq
Defender,Hussein Ali,"/wiki/Hussein_Ali_(footballer,_born_2002)",Pogoń Szczecin,/wiki/Pogo%C5%84_Szczecin,I,Iraq
Defender,Zaid Tahseen,/wiki/Zaid_Tahseen,Pakhtakor,/wiki/Pakhtakor_FC,I,Iraq
Defender,Akam Hashim,/wiki/Akam_Hashim,Al-Zawraa,/wiki/Al-Zawraa_SC,I,Iraq
Defender,Munaf Younis,/wiki/Munaf_Younis,Al-Shorta,/wiki/Al-Shorta_SC,I,Iraq
Midfielder,Youssef Amyn,/wiki/Youssef_Amyn,AEK Larnaca,/wiki/AEK_Larnaca_FC,I,Iraq
Midfielder,Ibrahim Bayesh,/wiki/Ibrahim_Bayesh,Al Dhafra,/wiki/Al_Dhafra_FC,I,Iraq
Forward,Ali Al-Hamadi,/wiki/Ali_Al-Hamadi,Luton Town,/wiki/Luton_Town_F.C.,I,Iraq
Forward,Mohanad Ali,/wiki/Mohanad_Ali,Dibba,/wiki/Dibba_FC,I,Iraq
Forward,Ahmed Qasem,/wiki/Ahmed_Qasem,Nashville SC,/wiki/Nashville_SC,I,Iraq
Goalkeeper,Jalal Hassan,/wiki/Jalal_Hassan,Al-Zawraa,/wiki/Al-Zawraa_SC,I,Iraq
Forward,Ali Yousif,/wiki/Ali_Yousif,Al-Talaba,/wiki/Al-Talaba_SC,I,Iraq
Midfielder,Zidane Iqbal,/wiki/Zidane_Iqbal,Utrecht,/wiki/FC_Utrecht,I,Iraq
Defender,Ahmed Maknzi,/wiki/Ahmed_Maknzi,Al-Karma,/wiki/Al-Karma_SC,I,Iraq
Midfielder,Amir Al-Ammari,/wiki/Amir_Al-Ammari,Cracovia,/wiki/KS_Cracovia,I,Iraq
Forward,Ali Jasim,/wiki/Ali_Jasim,Al-Najma,/wiki/Al-Najma_SC_(Saudi_Arabia),I,Iraq
Forward,Aymen Hussein,/wiki/Aymen_Hussein,Al-Karma,/wiki/Al-Karma_SC,I,Iraq
Midfielder,Kevin Yakob,/wiki/Kevin_Yakob,AGF,/wiki/Aarhus_Gymnastikforening,I,Iraq
Midfielder,Aimar Sher,/wiki/Aimar_Sher,Sarpsborg 08,/wiki/Sarpsborg_08_FF,I,Iraq
Forward,Marko Farji,/wiki/Marko_Farji,Venezia,/wiki/Venezia_FC,I,Iraq
Goalkeeper,Ahmed Basil,/wiki/Ahmed_Basil,Al-Shorta,/wiki/Al-Shorta_SC,I,Iraq
Defender,Merchas Doski,/wiki/Merchas_Doski,Viktoria Plzeň,/wiki/FC_Viktoria_Plze%C5%88,I,Iraq
Midfielder,Zaid Ismail,/wiki/Zaid_Ismail,Al-Talaba,/wiki/Al-Talaba_SC,I,Iraq
Defender,Mustafa Saadoon,"/wiki/Mustafa_Saadoon_(footballer,_born_2001)",Al-Shorta,/wiki/Al-Shorta_SC,I,Iraq
Defender,Frans Putros,/wiki/Frans_Putros,Persib,/wiki/Persib_Bandung,I,Iraq
Goalkeeper,Ørjan Nyland,/wiki/%C3%98rjan_Nyland,Sevilla,/wiki/Sevilla_FC,I,Norway
Midfielder,Morten Thorsby,/wiki/Morten_Thorsby,Cremonese,/wiki/US_Cremonese,I,Norway
Defender,Kristoffer Ajer,/wiki/Kristoffer_Ajer,Brentford,/wiki/Brentford_F.C.,I,Norway
Defender,Leo Østigård,/wiki/Leo_%C3%98stig%C3%A5rd,Genoa,/wiki/Genoa_CFC,I,Norway
Defender,David Møller Wolfe,/wiki/David_M%C3%B8ller_Wolfe,Wolverhampton Wanderers,/wiki/Wolverhampton_Wanderers_F.C.,I,Norway
Midfielder,Patrick Berg,/wiki/Patrick_Berg,Bodø/Glimt,/wiki/FK_Bod%C3%B8/Glimt,I,Norway
Forward,Alexander Sørloth,/wiki/Alexander_S%C3%B8rloth,Atlético Madrid,/wiki/Atl%C3%A9tico_Madrid,I,Norway
Midfielder,Sander Berge,/wiki/Sander_Berge,Fulham,/wiki/Fulham_F.C.,I,Norway
Forward,Erling Haaland,/wiki/Erling_Haaland,Manchester City,/wiki/Manchester_City_F.C.,I,Norway
Midfielder,Martin Ødegaard,/wiki/Martin_%C3%98degaard,Arsenal,/wiki/Arsenal_F.C.,I,Norway
Forward,Jørgen Strand Larsen,/wiki/J%C3%B8rgen_Strand_Larsen,Crystal Palace,/wiki/Crystal_Palace_F.C.,I,Norway
Goalkeeper,Sander Tangvik,/wiki/Sander_Tangvik,Hamburger SV,/wiki/Hamburger_SV,I,Norway
Goalkeeper,Egil Selvik,/wiki/Egil_Selvik,Watford,/wiki/Watford_F.C.,I,Norway
Midfielder,Fredrik Aursnes,/wiki/Fredrik_Aursnes,Benfica,/wiki/S.L._Benfica,I,Norway
Defender,Fredrik André Bjørkan,/wiki/Fredrik_Andr%C3%A9_Bj%C3%B8rkan,Bodø/Glimt,/wiki/FK_Bod%C3%B8/Glimt,I,Norway
Defender,Marcus Holmgren Pedersen,/wiki/Marcus_Holmgren_Pedersen,Torino,/wiki/Torino_FC,I,Norway
Defender,Torbjørn Heggem,/wiki/Torbj%C3%B8rn_Heggem,Bologna,/wiki/Bologna_FC_1909,I,Norway
Midfielder,Kristian Thorstvedt,/wiki/Kristian_Thorstvedt,Sassuolo,/wiki/US_Sassuolo_Calcio,I,Norway
Midfielder,Thelo Aasgaard,/wiki/Thelo_Aasgaard,Rangers,/wiki/Rangers_F.C.,I,Norway
Midfielder,Antonio Nusa,/wiki/Antonio_Nusa,RB Leipzig,/wiki/RB_Leipzig,I,Norway
Midfielder,Andreas Schjelderup,/wiki/Andreas_Schjelderup,Benfica,/wiki/S.L._Benfica,I,Norway
Midfielder,Oscar Bobb,/wiki/Oscar_Bobb,Fulham,/wiki/Fulham_F.C.,I,Norway
Midfielder,Jens Petter Hauge,/wiki/Jens_Petter_Hauge,Bodø/Glimt,/wiki/FK_Bod%C3%B8/Glimt,I,Norway
Defender,Sondre Langås,/wiki/Sondre_Lang%C3%A5s,Derby County,/wiki/Derby_County_F.C.,I,Norway
Defender,Henrik Falchener,/wiki/Henrik_Falchener,Viking,/wiki/Viking_FK,I,Norway
Defender,Julian Ryerson,/wiki/Julian_Ryerson,Borussia Dortmund,/wiki/Borussia_Dortmund,I,Norway
Goalkeeper,Yehvann Diouf,/wiki/Yehvann_Diouf,Nice,/wiki/OGC_Nice,I,Senegal
Defender,Mamadou Sarr,/wiki/Mamadou_Sarr,Chelsea,/wiki/Chelsea_F.C.,I,Senegal
Defender,Kalidou Koulibaly,/wiki/Kalidou_Koulibaly,Al-Hilal,/wiki/Al_Hilal_SFC,I,Senegal
Defender,Abdoulaye Seck,"/wiki/Abdoulaye_Seck_(footballer,_born_1992)",Maccabi Haifa,/wiki/Maccabi_Haifa_F.C.,I,Senegal
Midfielder,Idrissa Gueye,/wiki/Idrissa_Gueye,Everton,/wiki/Everton_F.C.,I,Senegal
Midfielder,Pathé Ciss,/wiki/Path%C3%A9_Ciss,Rayo Vallecano,/wiki/Rayo_Vallecano,I,Senegal
Forward,Assane Diao,/wiki/Assane_Diao,Como,/wiki/Como_1907,I,Senegal
Midfielder,Lamine Camara,/wiki/Lamine_Camara,Monaco,/wiki/AS_Monaco_FC,I,Senegal
Forward,Bamba Dieng,/wiki/Bamba_Dieng,Lorient,/wiki/FC_Lorient,I,Senegal
Forward,Sadio Mané,/wiki/Sadio_Man%C3%A9,Al-Nassr,/wiki/Al-Nassr_FC,I,Senegal
Forward,Nicolas Jackson,/wiki/Nicolas_Jackson,Bayern Munich,/wiki/FC_Bayern_Munich,I,Senegal
Forward,Cherif Ndiaye,/wiki/Cherif_Ndiaye,Samsunspor,/wiki/Samsunspor,I,Senegal
Forward,Iliman Ndiaye,/wiki/Iliman_Ndiaye,Everton,/wiki/Everton_F.C.,I,Senegal
Defender,Ismail Jakobs,/wiki/Ismail_Jakobs,Galatasaray,/wiki/Galatasaray_S.K._(football),I,Senegal
Defender,Krépin Diatta,/wiki/Kr%C3%A9pin_Diatta,Monaco,/wiki/AS_Monaco_FC,I,Senegal
Goalkeeper,Édouard Mendy,/wiki/%C3%89douard_Mendy,Al-Ahli,/wiki/Al-Ahli_Saudi_FC,I,Senegal
Midfielder,Pape Matar Sarr,/wiki/Pape_Matar_Sarr,Tottenham Hotspur,/wiki/Tottenham_Hotspur_F.C.,I,Senegal
Forward,Ismaïla Sarr,/wiki/Isma%C3%AFla_Sarr,Crystal Palace,/wiki/Crystal_Palace_F.C.,I,Senegal
Defender,Moussa Niakhaté,/wiki/Moussa_Niakhat%C3%A9,Lyon,/wiki/Olympique_Lyonnais,I,Senegal
Forward,Ibrahim Mbaye,/wiki/Ibrahim_Mbaye,Paris Saint-Germain,/wiki/Paris_Saint-Germain_FC,I,Senegal
Midfielder,Habib Diarra,/wiki/Habib_Diarra,Sunderland,/wiki/Sunderland_A.F.C.,I,Senegal
Midfielder,Bara Sapoko Ndiaye,/wiki/Bara_Sapoko_Ndiaye,Bayern Munich,/wiki/FC_Bayern_Munich,I,Senegal
Goalkeeper,Mory Diaw,/wiki/Mory_Diaw,Le Havre,/wiki/Le_Havre_AC,I,Senegal
Defender,Antoine Mendy,/wiki/Antoine_Mendy_(footballer),Nice,/wiki/OGC_Nice,I,Senegal
Defender,El Hadji Malick Diouf,/wiki/El_Hadji_Malick_Diouf,West Ham United,/wiki/West_Ham_United_F.C.,I,Senegal
Midfielder,Pape Gueye,/wiki/Pape_Gueye,Villarreal,/wiki/Villarreal_CF,I,Senegal
Goalkeeper,Melvin Mastil,/wiki/Melvin_Mastil,Stade Nyonnais,/wiki/FC_Stade_Nyonnais,J,Algeria
Defender,Aïssa Mandi,/wiki/A%C3%AFssa_Mandi,Lille,/wiki/Lille_OSC,J,Algeria
Defender,Achref Abada,/wiki/Achref_Abada,USM Alger,/wiki/USM_Alger,J,Algeria
Defender,Mohamed Amine Tougai,/wiki/Mohamed_Amine_Tougai,Espérance de Tunis,/wiki/Esp%C3%A9rance_Sportive_de_Tunis,J,Algeria
Defender,Zineddine Belaïd,/wiki/Zineddine_Bela%C3%AFd,JS Kabylie,/wiki/JS_Kabylie,J,Algeria
Midfielder,Ramiz Zerrouki,/wiki/Ramiz_Zerrouki,Twente,/wiki/FC_Twente,J,Algeria
Forward,Riyad Mahrez,/wiki/Riyad_Mahrez,Al-Ahli,/wiki/Al-Ahli_Saudi_FC,J,Algeria
Midfielder,Houssem Aouar,/wiki/Houssem_Aouar,Al-Ittihad,/wiki/Al-Ittihad_Club_(Jeddah),J,Algeria
Forward,Amine Gouiri,/wiki/Amine_Gouiri,Marseille,/wiki/Olympique_de_Marseille,J,Algeria
Midfielder,Farès Chaïbi,/wiki/Far%C3%A8s_Cha%C3%AFbi,Eintracht Frankfurt,/wiki/Eintracht_Frankfurt,J,Algeria
Forward,Anis Hadj Moussa,/wiki/Anis_Hadj_Moussa,Feyenoord,/wiki/Feyenoord,J,Algeria
Forward,Nadhir Benbouali,/wiki/Nadhir_Benbouali,Győri ETO,/wiki/Gy%C5%91ri_ETO_FC,J,Algeria
Defender,Jaouen Hadjam,/wiki/Jaouen_Hadjam,Young Boys,/wiki/BSC_Young_Boys,J,Algeria
Midfielder,Hicham Boudaoui,/wiki/Hicham_Boudaoui,Nice,/wiki/OGC_Nice,J,Algeria
Defender,Rayan Aït-Nouri,/wiki/Rayan_A%C3%AFt-Nouri,Manchester City,/wiki/Manchester_City_F.C.,J,Algeria
Goalkeeper,Oussama Benbot,/wiki/Oussama_Benbot,USM Alger,/wiki/USM_Alger,J,Algeria
Defender,Rafik Belghali,/wiki/Rafik_Belghali,Hellas Verona,/wiki/Hellas_Verona_FC,J,Algeria
Forward,Mohamed Amoura,/wiki/Mohamed_Amoura,VfL Wolfsburg,/wiki/VfL_Wolfsburg,J,Algeria
Midfielder,Nabil Bentaleb,/wiki/Nabil_Bentaleb,Lille,/wiki/Lille_OSC,J,Algeria
Forward,Adil Boulbina,/wiki/Adil_Boulbina,Al-Duhail,/wiki/Al_Duhail_SC,J,Algeria
Defender,Ramy Bensebaini,/wiki/Ramy_Bensebaini,Borussia Dortmund,/wiki/Borussia_Dortmund,J,Algeria
Midfielder,Ibrahim Maza,/wiki/Ibrahim_Maza,Bayer Leverkusen,/wiki/Bayer_04_Leverkusen,J,Algeria
Goalkeeper,Luca Zidane,/wiki/Luca_Zidane,Granada,/wiki/Granada_CF,J,Algeria
Midfielder,Yacine Titraoui,/wiki/Yacine_Titraoui,Charleroi,/wiki/Royal_Charleroi_SC,J,Algeria
Forward,Farès Ghedjemis,/wiki/Far%C3%A8s_Ghedjemis,Frosinone,/wiki/Frosinone_Calcio,J,Algeria
Defender,Samir Chergui,/wiki/Samir_Chergui,Paris FC,/wiki/Paris_FC,J,Algeria
Goalkeeper,Juan Musso,/wiki/Juan_Musso,Atlético Madrid,/wiki/Atl%C3%A9tico_Madrid,J,Argentina
Defender,Marcos Senesi,/wiki/Marcos_Senesi,Bournemouth,/wiki/AFC_Bournemouth,J,Argentina
Defender,Nicolás Tagliafico,/wiki/Nicol%C3%A1s_Tagliafico,Lyon,/wiki/Olympique_Lyonnais,J,Argentina
Defender,Gonzalo Montiel,/wiki/Gonzalo_Montiel,River Plate,/wiki/Club_Atl%C3%A9tico_River_Plate,J,Argentina
Midfielder,Leandro Paredes,/wiki/Leandro_Paredes,Boca Juniors,/wiki/Boca_Juniors,J,Argentina
Defender,Lisandro Martínez,/wiki/Lisandro_Mart%C3%ADnez,Manchester United,/wiki/Manchester_United_F.C.,J,Argentina
Midfielder,Rodrigo De Paul,/wiki/Rodrigo_De_Paul,Inter Miami CF,/wiki/Inter_Miami_CF,J,Argentina
Midfielder,Valentín Barco,/wiki/Valent%C3%ADn_Barco,Strasbourg,/wiki/RC_Strasbourg_Alsace,J,Argentina
Forward,Julián Alvarez,/wiki/Juli%C3%A1n_Alvarez,Atlético Madrid,/wiki/Atl%C3%A9tico_Madrid,J,Argentina
Forward,Lionel Messi,/wiki/Lionel_Messi,Inter Miami CF,/wiki/Inter_Miami_CF,J,Argentina
Midfielder,Giovani Lo Celso,/wiki/Giovani_Lo_Celso,Real Betis,/wiki/Real_Betis,J,Argentina
Goalkeeper,Gerónimo Rulli,/wiki/Ger%C3%B3nimo_Rulli,Marseille,/wiki/Olympique_de_Marseille,J,Argentina
Defender,Cristian Romero,/wiki/Cristian_Romero,Tottenham Hotspur,/wiki/Tottenham_Hotspur_F.C.,J,Argentina
Midfielder,Exequiel Palacios,/wiki/Exequiel_Palacios,Bayer Leverkusen,/wiki/Bayer_04_Leverkusen,J,Argentina
Midfielder,Nicolás González,"/wiki/Nicol%C3%A1s_Gonz%C3%A1lez_(footballer,_born_1998)",Atlético Madrid,/wiki/Atl%C3%A9tico_Madrid,J,Argentina
Forward,Thiago Almada,/wiki/Thiago_Almada,Atlético Madrid,/wiki/Atl%C3%A9tico_Madrid,J,Argentina
Forward,Giuliano Simeone,/wiki/Giuliano_Simeone,Atlético Madrid,/wiki/Atl%C3%A9tico_Madrid,J,Argentina
Forward,Nico Paz,/wiki/Nico_Paz,Como,/wiki/Como_1907,J,Argentina
Defender,Nicolás Otamendi,/wiki/Nicol%C3%A1s_Otamendi,Benfica,/wiki/S.L._Benfica,J,Argentina
Midfielder,Alexis Mac Allister,/wiki/Alexis_Mac_Allister,Liverpool,/wiki/Liverpool_F.C.,J,Argentina
Forward,José Manuel López,/wiki/Jos%C3%A9_Manuel_L%C3%B3pez_(footballer),Palmeiras,/wiki/SE_Palmeiras,J,Argentina
Forward,Lautaro Martínez,/wiki/Lautaro_Mart%C3%ADnez,Inter Milan,/wiki/Inter_Milan,J,Argentina
Goalkeeper,Emiliano Martínez,/wiki/Emiliano_Mart%C3%ADnez,Aston Villa,/wiki/Aston_Villa_F.C.,J,Argentina
Midfielder,Enzo Fernández,/wiki/Enzo_Fern%C3%A1ndez,Chelsea,/wiki/Chelsea_F.C.,J,Argentina
Defender,Facundo Medina,/wiki/Facundo_Medina,Marseille,/wiki/Olympique_de_Marseille,J,Argentina
Defender,Nahuel Molina,/wiki/Nahuel_Molina,Atlético Madrid,/wiki/Atl%C3%A9tico_Madrid,J,Argentina
Goalkeeper,Alexander Schlager,/wiki/Alexander_Schlager,Red Bull Salzburg,/wiki/FC_Red_Bull_Salzburg,J,Austria
Defender,David Affengruber,"/wiki/David_Affengruber_(footballer,_born_2001)",Elche,/wiki/Elche_CF,J,Austria
Defender,Kevin Danso,/wiki/Kevin_Danso,Tottenham Hotspur,/wiki/Tottenham_Hotspur_F.C.,J,Austria
Midfielder,Xaver Schlager,/wiki/Xaver_Schlager,RB Leipzig,/wiki/RB_Leipzig,J,Austria
Defender,Stefan Posch,/wiki/Stefan_Posch,Mainz 05,/wiki/1._FSV_Mainz_05,J,Austria
Midfielder,Nicolas Seiwald,/wiki/Nicolas_Seiwald,RB Leipzig,/wiki/RB_Leipzig,J,Austria
Forward,Marko Arnautović,/wiki/Marko_Arnautovi%C4%87,Red Star Belgrade,/wiki/Red_Star_Belgrade,J,Austria
Defender,David Alaba,/wiki/David_Alaba,Real Madrid,/wiki/Real_Madrid_CF,J,Austria
Midfielder,Marcel Sabitzer,/wiki/Marcel_Sabitzer,Borussia Dortmund,/wiki/Borussia_Dortmund,J,Austria
Midfielder,Florian Grillitsch,/wiki/Florian_Grillitsch,Braga,/wiki/S.C._Braga,J,Austria
Forward,Michael Gregoritsch,/wiki/Michael_Gregoritsch,FC Augsburg,/wiki/FC_Augsburg,J,Austria
Goalkeeper,Florian Wiegele,/wiki/Florian_Wiegele,Viktoria Plzeň,/wiki/FC_Viktoria_Plze%C5%88,J,Austria
Goalkeeper,Patrick Pentz,/wiki/Patrick_Pentz,Brøndby,/wiki/Br%C3%B8ndby_IF,J,Austria
Forward,Saša Kalajdžić,/wiki/Sa%C5%A1a_Kalajd%C5%BEi%C4%87,LASK,/wiki/LASK,J,Austria
Defender,Philipp Lienhart,/wiki/Philipp_Lienhart,SC Freiburg,/wiki/SC_Freiburg,J,Austria
Defender,Phillipp Mwene,/wiki/Phillipp_Mwene,Mainz 05,/wiki/1._FSV_Mainz_05,J,Austria
Midfielder,Carney Chukwuemeka,/wiki/Carney_Chukwuemeka,Borussia Dortmund,/wiki/Borussia_Dortmund,J,Austria
Midfielder,Romano Schmid,/wiki/Romano_Schmid,Werder Bremen,/wiki/SV_Werder_Bremen,J,Austria
Midfielder,Dejan Ljubičić,/wiki/Dejan_Ljubi%C4%8Di%C4%87,Schalke 04,/wiki/FC_Schalke_04,J,Austria
Midfielder,Konrad Laimer,/wiki/Konrad_Laimer,Bayern Munich,/wiki/FC_Bayern_Munich,J,Austria
Forward,Patrick Wimmer,/wiki/Patrick_Wimmer,VfL Wolfsburg,/wiki/VfL_Wolfsburg,J,Austria
Midfielder,Alexander Prass,/wiki/Alexander_Prass,TSG Hoffenheim,/wiki/TSG_1899_Hoffenheim,J,Austria
Defender,Marco Friedl,/wiki/Marco_Friedl,Werder Bremen,/wiki/SV_Werder_Bremen,J,Austria
Midfielder,Paul Wanner,/wiki/Paul_Wanner,PSV Eindhoven,/wiki/PSV_Eindhoven,J,Austria
Defender,Michael Svoboda,/wiki/Michael_Svoboda,Venezia,/wiki/Venezia_FC,J,Austria
Midfielder,Alessandro Schöpf,/wiki/Alessandro_Sch%C3%B6pf,Wolfsberger AC,/wiki/Wolfsberger_AC,J,Austria
Goalkeeper,Yazeed Abulaila,/wiki/Yazeed_Abulaila,Al-Hussein,/wiki/Al-Hussein_SC_(Irbid),J,Jordan
Defender,Mohammad Abu Hashish,/wiki/Mohammad_Abu_Hashish,Al-Karma,/wiki/Al-Karma_SC,J,Jordan
Defender,Abdallah Nasib,/wiki/Abdallah_Nasib,Al-Zawraa,/wiki/Al-Zawraa_SC,J,Jordan
Defender,Husam Abu Dahab,/wiki/Husam_Abu_Dahab,Al-Faisaly,/wiki/Al-Faisaly_SC,J,Jordan
Defender,Yazan Al-Arab,/wiki/Yazan_Al-Arab,FC Seoul,/wiki/FC_Seoul,J,Jordan
Midfielder,Amer Jamous,/wiki/Amer_Jamous,Al-Zawraa,/wiki/Al-Zawraa_SC,J,Jordan
Forward,Mohammad Abu Zrayq,/wiki/Mohammad_Abu_Zrayq,Raja Casablanca,/wiki/Raja_CA,J,Jordan
Midfielder,Noor Al-Rawabdeh,/wiki/Noor_Al-Rawabdeh,Selangor,/wiki/Selangor_F.C.,J,Jordan
Forward,Ali Olwan,/wiki/Ali_Olwan,Al-Sailiya,/wiki/Al-Sailiya_SC,J,Jordan
Forward,Musa Al-Taamari,/wiki/Musa_Al-Taamari,Rennes,/wiki/Stade_Rennais_FC,J,Jordan
Forward,Odeh Al-Fakhouri,/wiki/Odeh_Al-Fakhouri,Pyramids,/wiki/Pyramids_FC,J,Jordan
Goalkeeper,Nour Bani Attiah,/wiki/Nour_Bani_Attiah,Al-Faisaly,/wiki/Al-Faisaly_SC,J,Jordan
Forward,Mahmoud Al-Mardi,/wiki/Mahmoud_Al-Mardi,Al-Hussein,/wiki/Al-Hussein_SC_(Irbid),J,Jordan
Midfielder,Rajaei Ayed,/wiki/Rajaei_Ayed,Al-Hussein,/wiki/Al-Hussein_SC_(Irbid),J,Jordan
Midfielder,Ibrahim Sadeh,/wiki/Ibrahim_Sadeh,Al-Karma,/wiki/Al-Karma_SC,J,Jordan
Defender,Mo Abualnadi,/wiki/Mo_Abualnadi,Selangor,/wiki/Selangor_F.C.,J,Jordan
Defender,Salim Obaid,/wiki/Salim_Obaid,Al-Hussein,/wiki/Al-Hussein_SC_(Irbid),J,Jordan
Midfielder,Mohammad Taha,/wiki/Mohammad_Taha_(footballer),Al-Hussein,/wiki/Al-Hussein_SC_(Irbid),J,Jordan
Defender,Saed Al-Rosan,/wiki/Saed_Al-Rosan,Al-Hussein,/wiki/Al-Hussein_SC_(Irbid),J,Jordan
Midfielder,Mohannad Abu Taha,/wiki/Mohannad_Abu_Taha,Al-Quwa Al-Jawiya,/wiki/Al-Quwa_Al-Jawiya,J,Jordan
Midfielder,Nizar Al-Rashdan,/wiki/Nizar_Al-Rashdan,Qatar SC,/wiki/Qatar_SC,J,Jordan
Goalkeeper,Abdallah Al-Fakhouri,/wiki/Abdallah_Al-Fakhouri,Al-Wehdat,/wiki/Al-Wehdat_SC,J,Jordan
Defender,Ihsan Haddad,/wiki/Ihsan_Haddad,Al-Hussein,/wiki/Al-Hussein_SC_(Irbid),J,Jordan
Forward,Ali Azaizeh,/wiki/Ali_Azaizeh,Al-Shabab,/wiki/Al_Shabab_Club,J,Jordan
Midfielder,Mohammad Al-Dawoud,/wiki/Mohammad_Al-Dawoud,Al-Wehdat,/wiki/Al-Wehdat_SC,J,Jordan
Defender,Anas Badawi,/wiki/Anas_Badawi,Al-Faisaly,/wiki/Al-Faisaly_SC,J,Jordan
Goalkeeper,David Ospina,/wiki/David_Ospina,Atlético Nacional,/wiki/Atl%C3%A9tico_Nacional,K,Colombia
Defender,Daniel Muñoz,/wiki/Daniel_Mu%C3%B1oz_(footballer),Crystal Palace,/wiki/Crystal_Palace_F.C.,K,Colombia
Defender,Jhon Lucumí,/wiki/Jhon_Lucum%C3%AD,Bologna,/wiki/Bologna_FC_1909,K,Colombia
Defender,Santiago Arias,/wiki/Santiago_Arias,Independiente,/wiki/Club_Atl%C3%A9tico_Independiente,K,Colombia
Midfielder,Kevin Castaño,/wiki/Kevin_Casta%C3%B1o,River Plate,/wiki/Club_Atl%C3%A9tico_River_Plate,K,Colombia
Midfielder,Richard Ríos,/wiki/Richard_R%C3%ADos,Benfica,/wiki/S.L._Benfica,K,Colombia
Forward,Luis Díaz,"/wiki/Luis_D%C3%ADaz_(footballer,_born_1997)",Bayern Munich,/wiki/FC_Bayern_Munich,K,Colombia
Midfielder,Jorge Carrascal,/wiki/Jorge_Carrascal,Flamengo,/wiki/CR_Flamengo,K,Colombia
Forward,Jhon Córdoba,/wiki/Jhon_C%C3%B3rdoba,Krasnodar,/wiki/FC_Krasnodar,K,Colombia
Midfielder,James Rodríguez,/wiki/James_Rodr%C3%ADguez,Minnesota United FC,/wiki/Minnesota_United_FC,K,Colombia
Midfielder,Jhon Arias,/wiki/Jhon_Arias_(footballer),Palmeiras,/wiki/SE_Palmeiras,K,Colombia
Goalkeeper,Camilo Vargas,/wiki/Camilo_Vargas,Atlas,/wiki/Atlas_F.C.,K,Colombia
Defender,Yerry Mina,/wiki/Yerry_Mina,Cagliari,/wiki/Cagliari_Calcio,K,Colombia
Defender,Gustavo Puerta,/wiki/Gustavo_Puerta,Racing Santander,/wiki/Racing_de_Santander,K,Colombia
Midfielder,Juan Portilla,/wiki/Juan_Portilla,Athletico Paranaense,/wiki/Club_Athletico_Paranaense,K,Colombia
Midfielder,Jefferson Lerma,/wiki/Jefferson_Lerma,Crystal Palace,/wiki/Crystal_Palace_F.C.,K,Colombia
Defender,Johan Mojica,/wiki/Johan_Mojica,Mallorca,/wiki/RCD_Mallorca,K,Colombia
Defender,Willer Ditta,/wiki/Willer_Ditta,Cruz Azul,/wiki/Cruz_Azul,K,Colombia
Forward,Cucho Hernández,/wiki/Cucho_Hern%C3%A1ndez,Real Betis,/wiki/Real_Betis,K,Colombia
Midfielder,Juan Fernando Quintero,/wiki/Juan_Fernando_Quintero,River Plate,/wiki/Club_Atl%C3%A9tico_River_Plate,K,Colombia
Forward,Jaminton Campaz,/wiki/Jaminton_Campaz,Rosario Central,/wiki/Rosario_Central,K,Colombia
Defender,Deiver Machado,/wiki/Deiver_Machado,Nantes,/wiki/FC_Nantes,K,Colombia
Defender,Davinson Sánchez,/wiki/Davinson_S%C3%A1nchez,Galatasaray,/wiki/Galatasaray_S.K._(football),K,Colombia
Goalkeeper,Álvaro Montero,/wiki/%C3%81lvaro_Montero_(Colombian_footballer),Vélez Sarsfield,/wiki/Club_Atl%C3%A9tico_V%C3%A9lez_Sarsfield,K,Colombia
Forward,Luis Suárez,"/wiki/Luis_Su%C3%A1rez_(footballer,_born_1997)",Sporting CP,/wiki/Sporting_CP,K,Colombia
Forward,Andrés Gómez,/wiki/Andr%C3%A9s_G%C3%B3mez_(footballer),Vasco da Gama,/wiki/CR_Vasco_da_Gama,K,Colombia
Goalkeeper,Lionel Mpasi,/wiki/Lionel_Mpasi,Le Havre,/wiki/Le_Havre_AC,K,DR Congo
Defender,Aaron Wan-Bissaka,/wiki/Aaron_Wan-Bissaka,West Ham United,/wiki/West_Ham_United_F.C.,K,DR Congo
Defender,Steve Kapuadi,/wiki/Steve_Kapuadi,Widzew Łódź,/wiki/Widzew_%C5%81%C3%B3d%C5%BA,K,DR Congo
Defender,Axel Tuanzebe,/wiki/Axel_Tuanzebe,Burnley,/wiki/Burnley_F.C.,K,DR Congo
Defender,Dylan Batubinsika,/wiki/Dylan_Batubinsika,AEL,/wiki/Athlitiki_Enosi_Larissa_F.C.,K,DR Congo
Midfielder,Ngal'ayel Mukau,/wiki/Ngal%27ayel_Mukau,Lille,/wiki/Lille_OSC,K,DR Congo
Midfielder,Nathanaël Mbuku,/wiki/Nathana%C3%ABl_Mbuku,Montpellier,/wiki/Montpellier_HSC,K,DR Congo
Midfielder,Samuel Moutoussamy,/wiki/Samuel_Moutoussamy,Atromitos,/wiki/Atromitos_F.C.,K,DR Congo
Forward,Brian Cipenga,/wiki/Brian_Cipenga,Castellón,/wiki/CD_Castell%C3%B3n,K,DR Congo
Midfielder,Théo Bongonda,/wiki/Th%C3%A9o_Bongonda,Spartak Moscow,/wiki/FC_Spartak_Moscow,K,DR Congo
Forward,Gaël Kakuta,/wiki/Ga%C3%ABl_Kakuta,AEL,/wiki/Athlitiki_Enosi_Larissa_F.C.,K,DR Congo
Defender,Joris Kayembe,/wiki/Joris_Kayembe,Genk,/wiki/KRC_Genk,K,DR Congo
Forward,Meschak Elia,/wiki/Meschak_Elia,Alanyaspor,/wiki/Alanyaspor,K,DR Congo
Midfielder,Noah Sadiki,/wiki/Noah_Sadiki,Sunderland,/wiki/Sunderland_A.F.C.,K,DR Congo
Midfielder,Aaron Tshibola,/wiki/Aaron_Tshibola,Kilmarnock,/wiki/Kilmarnock_F.C.,K,DR Congo
Goalkeeper,Timothy Fayulu,/wiki/Timothy_Fayulu,Noah,/wiki/FC_Noah,K,DR Congo
Forward,Cédric Bakambu,/wiki/C%C3%A9dric_Bakambu,Real Betis,/wiki/Real_Betis,K,DR Congo
Midfielder,Charles Pickel,/wiki/Charles_Pickel,Espanyol,/wiki/RCD_Espanyol,K,DR Congo
Forward,Fiston Mayele,/wiki/Fiston_Mayele,Pyramids,/wiki/Pyramids_FC,K,DR Congo
Forward,Yoane Wissa,/wiki/Yoane_Wissa,Newcastle United,/wiki/Newcastle_United_F.C.,K,DR Congo
Goalkeeper,Matthieu Epolo,/wiki/Matthieu_Epolo,Standard Liège,/wiki/Standard_Li%C3%A8ge,K,DR Congo
Defender,Chancel Mbemba,/wiki/Chancel_Mbemba,Lille,/wiki/Lille_OSC,K,DR Congo
Forward,Simon Banza,/wiki/Simon_Banza,Al Jazira,/wiki/Al_Jazira_Club,K,DR Congo
Defender,Gédéon Kalulu,/wiki/G%C3%A9d%C3%A9on_Kalulu,Aris Limassol,/wiki/Aris_Limassol_FC,K,DR Congo
Midfielder,Edo Kayembe,/wiki/Edo_Kayembe,Watford,/wiki/Watford_F.C.,K,DR Congo
Defender,Arthur Masuaku,/wiki/Arthur_Masuaku,Lens,/wiki/RC_Lens,K,DR Congo
Goalkeeper,Diogo Costa,/wiki/Diogo_Costa,Porto,/wiki/FC_Porto,K,Portugal
Defender,Nélson Semedo,/wiki/N%C3%A9lson_Semedo,Fenerbahçe,/wiki/Fenerbah%C3%A7e_S.K._(football),K,Portugal
Defender,Rúben Dias,/wiki/R%C3%BAben_Dias,Manchester City,/wiki/Manchester_City_F.C.,K,Portugal
Defender,Tomás Araújo,/wiki/Tom%C3%A1s_Ara%C3%BAjo,Benfica,/wiki/S.L._Benfica,K,Portugal
Defender,Diogo Dalot,/wiki/Diogo_Dalot,Manchester United,/wiki/Manchester_United_F.C.,K,Portugal
Midfielder,Matheus Nunes,/wiki/Matheus_Nunes,Manchester City,/wiki/Manchester_City_F.C.,K,Portugal
Forward,Cristiano Ronaldo,/wiki/Cristiano_Ronaldo,Al-Nassr,/wiki/Al-Nassr_FC,K,Portugal
Midfielder,Bruno Fernandes,/wiki/Bruno_Fernandes,Manchester United,/wiki/Manchester_United_F.C.,K,Portugal
Forward,Gonçalo Ramos,/wiki/Gon%C3%A7alo_Ramos,Paris Saint-Germain,/wiki/Paris_Saint-Germain_FC,K,Portugal
Midfielder,Bernardo Silva,/wiki/Bernardo_Silva,Manchester City,/wiki/Manchester_City_F.C.,K,Portugal
Forward,João Félix,/wiki/Jo%C3%A3o_F%C3%A9lix,Al-Nassr,/wiki/Al-Nassr_FC,K,Portugal
Goalkeeper,José Sá,/wiki/Jos%C3%A9_S%C3%A1,Wolverhampton Wanderers,/wiki/Wolverhampton_Wanderers_F.C.,K,Portugal
Defender,Renato Veiga,/wiki/Renato_Veiga,Villarreal,/wiki/Villarreal_CF,K,Portugal
Defender,Gonçalo Inácio,/wiki/Gon%C3%A7alo_In%C3%A1cio,Sporting CP,/wiki/Sporting_CP,K,Portugal
Midfielder,João Neves,/wiki/Jo%C3%A3o_Neves,Paris Saint-Germain,/wiki/Paris_Saint-Germain_FC,K,Portugal
Forward,Francisco Trincão,/wiki/Francisco_Trinc%C3%A3o,Sporting CP,/wiki/Sporting_CP,K,Portugal
Forward,Rafael Leão,/wiki/Rafael_Le%C3%A3o,Milan,/wiki/AC_Milan,K,Portugal
Forward,Pedro Neto,/wiki/Pedro_Neto,Chelsea,/wiki/Chelsea_F.C.,K,Portugal
Forward,Gonçalo Guedes,/wiki/Gon%C3%A7alo_Guedes,Real Sociedad,/wiki/Real_Sociedad,K,Portugal
Defender,João Cancelo,/wiki/Jo%C3%A3o_Cancelo,Barcelona,/wiki/FC_Barcelona,K,Portugal
Midfielder,Rúben Neves,/wiki/R%C3%BAben_Neves,Al-Hilal,/wiki/Al_Hilal_SFC,K,Portugal
Goalkeeper,Rui Silva,"/wiki/Rui_Silva_(footballer,_born_1994)",Sporting CP,/wiki/Sporting_CP,K,Portugal
Midfielder,Vitinha,/wiki/Vitinha,Paris Saint-Germain,/wiki/Paris_Saint-Germain_FC,K,Portugal
Defender,Samú Costa,/wiki/Sam%C3%BA_Costa,Mallorca,/wiki/RCD_Mallorca,K,Portugal
Defender,Nuno Mendes,"/wiki/Nuno_Mendes_(footballer,_born_2002)",Paris Saint-Germain,/wiki/Paris_Saint-Germain_FC,K,Portugal
Forward,Francisco Conceição,/wiki/Francisco_Concei%C3%A7%C3%A3o,Juventus,/wiki/Juventus_FC,K,Portugal
Goalkeeper,Utkir Yusupov,/wiki/Utkir_Yusupov,Navbahor Namangan,/wiki/PFC_Navbahor_Namangan,K,Uzbekistan
Defender,Abdukodir Khusanov,/wiki/Abdukodir_Khusanov,Manchester City,/wiki/Manchester_City_F.C.,K,Uzbekistan
Defender,Khojiakbar Alijonov,/wiki/Khojiakbar_Alijonov,Pakhtakor,/wiki/Pakhtakor_FC,K,Uzbekistan
Defender,Farrukh Sayfiev,/wiki/Farrukh_Sayfiev,Neftchi Fergana,/wiki/FC_Neftchi_Fergana,K,Uzbekistan
Defender,Rustam Ashurmatov,/wiki/Rustam_Ashurmatov,Esteghlal,/wiki/Esteghlal_F.C.,K,Uzbekistan
Midfielder,Akmal Mozgovoy,/wiki/Akmal_Mozgovoy,Pakhtakor,/wiki/Pakhtakor_FC,K,Uzbekistan
Midfielder,Otabek Shukurov,/wiki/Otabek_Shukurov,Baniyas,/wiki/Baniyas_Club,K,Uzbekistan
Midfielder,Jamshid Iskanderov,/wiki/Jamshid_Iskanderov,Neftchi Fergana,/wiki/FC_Neftchi_Fergana,K,Uzbekistan
Midfielder,Odiljon Hamrobekov,/wiki/Odiljon_Hamrobekov,Tractor,/wiki/Tractor_S.C.,K,Uzbekistan
Midfielder,Ruslanbek Jiyanov,/wiki/Ruslanbek_Jiyanov,Navbahor Namangan,/wiki/PFC_Navbahor_Namangan,K,Uzbekistan
Midfielder,Oston Urunov,/wiki/Oston_Urunov,Persepolis,/wiki/Persepolis_F.C.,K,Uzbekistan
Goalkeeper,Abduvohid Nematov,/wiki/Abduvohid_Nematov,Nasaf,/wiki/FC_Nasaf,K,Uzbekistan
Defender,Sherzod Nasrullaev,/wiki/Sherzod_Nasrullaev,Nasaf,/wiki/FC_Nasaf,K,Uzbekistan
Forward,Eldor Shomurodov,/wiki/Eldor_Shomurodov,İstanbul Başakşehir,/wiki/%C4%B0stanbul_Ba%C5%9Fak%C5%9Fehir_F.K.,K,Uzbekistan
Defender,Umar Eshmurodov,/wiki/Umar_Eshmurodov,Nasaf,/wiki/FC_Nasaf,K,Uzbekistan
Goalkeeper,Botirali Ergashev,/wiki/Botirali_Ergashev,Neftchi Fergana,/wiki/FC_Neftchi_Fergana,K,Uzbekistan
Midfielder,Dostonbek Khamdamov,/wiki/Dostonbek_Khamdamov,Pakhtakor,/wiki/Pakhtakor_FC,K,Uzbekistan
Defender,Abdulla Abdullaev,/wiki/Abdulla_Abdullaev,Dibba,/wiki/Dibba_FC,K,Uzbekistan
Midfielder,Azizjon Ganiev,/wiki/Azizjon_Ganiev,Al Bataeh,/wiki/Al_Bataeh_Club,K,Uzbekistan
Forward,Azizbek Amonov,/wiki/Azizbek_Amonov,Dinamo Samarqand,/wiki/FC_Dinamo_Samarqand,K,Uzbekistan
Forward,Igor Sergeev,/wiki/Igor_Sergeev,Persepolis,/wiki/Persepolis_F.C.,K,Uzbekistan
Midfielder,Abbosbek Fayzullaev,/wiki/Abbosbek_Fayzullaev,İstanbul Başakşehir,/wiki/%C4%B0stanbul_Ba%C5%9Fak%C5%9Fehir_F.K.,K,Uzbekistan
Midfielder,Sherzod Esanov,/wiki/Sherzod_Esanov,Bukhara,/wiki/FC_Bukhara,K,Uzbekistan
Defender,Bekhruz Karimov,/wiki/Bekhruz_Karimov,Surkhon Termiz,/wiki/FC_Surkhon,K,Uzbekistan
Defender,Avazbek Ulmasaliev,/wiki/Avazbek_Ulmasaliev,AGMK,/wiki/FC_AGMK,K,Uzbekistan
Defender,Jakhongir Urozov,/wiki/Jakhongir_Urozov,Dinamo Samarqand,/wiki/FC_Dinamo_Samarqand,K,Uzbekistan
Goalkeeper,Dominik Livaković,/wiki/Dominik_Livakovi%C4%87,Dinamo Zagreb,/wiki/GNK_Dinamo_Zagreb,L,Croatia
Defender,Josip Stanišić,/wiki/Josip_Stani%C5%A1i%C4%87,Bayern Munich,/wiki/FC_Bayern_Munich,L,Croatia
Defender,Marin Pongračić,/wiki/Marin_Pongra%C4%8Di%C4%87,Fiorentina,/wiki/ACF_Fiorentina,L,Croatia
Defender,Joško Gvardiol,/wiki/Jo%C5%A1ko_Gvardiol,Manchester City,/wiki/Manchester_City_F.C.,L,Croatia
Defender,Duje Ćaleta-Car,/wiki/Duje_%C4%86aleta-Car,Real Sociedad,/wiki/Real_Sociedad,L,Croatia
Defender,Josip Šutalo,/wiki/Josip_%C5%A0utalo,Ajax,/wiki/AFC_Ajax,L,Croatia
Midfielder,Nikola Moro,/wiki/Nikola_Moro,Bologna,/wiki/Bologna_FC_1909,L,Croatia
Midfielder,Mateo Kovačić,/wiki/Mateo_Kova%C4%8Di%C4%87,Manchester City,/wiki/Manchester_City_F.C.,L,Croatia
Forward,Andrej Kramarić,/wiki/Andrej_Kramari%C4%87,TSG Hoffenheim,/wiki/TSG_1899_Hoffenheim,L,Croatia
Midfielder,Luka Modrić,/wiki/Luka_Modri%C4%87,Milan,/wiki/AC_Milan,L,Croatia
Forward,Ante Budimir,/wiki/Ante_Budimir,Osasuna,/wiki/CA_Osasuna,L,Croatia
Goalkeeper,Ivor Pandur,/wiki/Ivor_Pandur,Hull City,/wiki/Hull_City_A.F.C.,L,Croatia
Midfielder,Nikola Vlašić,/wiki/Nikola_Vla%C5%A1i%C4%87,Torino,/wiki/Torino_FC,L,Croatia
Forward,Ivan Perišić,/wiki/Ivan_Peri%C5%A1i%C4%87,PSV Eindhoven,/wiki/PSV_Eindhoven,L,Croatia
Midfielder,Mario Pašalić,/wiki/Mario_Pa%C5%A1ali%C4%87,Atalanta,/wiki/Atalanta_BC,L,Croatia
Midfielder,Martin Baturina,/wiki/Martin_Baturina,Como,/wiki/Como_1907,L,Croatia
Midfielder,Petar Sučić,/wiki/Petar_Su%C4%8Di%C4%87,Inter Milan,/wiki/Inter_Milan,L,Croatia
Defender,Kristijan Jakić,/wiki/Kristijan_Jaki%C4%87,FC Augsburg,/wiki/FC_Augsburg,L,Croatia
Midfielder,Toni Fruk,/wiki/Toni_Fruk,Rijeka,/wiki/HNK_Rijeka,L,Croatia
Forward,Igor Matanović,/wiki/Igor_Matanovi%C4%87,SC Freiburg,/wiki/SC_Freiburg,L,Croatia
Midfielder,Luka Sučić,/wiki/Luka_Su%C4%8Di%C4%87,Real Sociedad,/wiki/Real_Sociedad,L,Croatia
Defender,Luka Vušković,/wiki/Luka_Vu%C5%A1kovi%C4%87,Hamburger SV,/wiki/Hamburger_SV,L,Croatia
Goalkeeper,Dominik Kotarski,/wiki/Dominik_Kotarski,Copenhagen,/wiki/F.C._Copenhagen,L,Croatia
Forward,Marco Pašalić,/wiki/Marco_Pa%C5%A1ali%C4%87,Orlando City SC,/wiki/Orlando_City_SC,L,Croatia
Defender,Martin Erlić,/wiki/Martin_Erli%C4%87,Midtjylland,/wiki/FC_Midtjylland,L,Croatia
Forward,Petar Musa,/wiki/Petar_Musa,FC Dallas,/wiki/FC_Dallas,L,Croatia
Goalkeeper,Jordan Pickford,/wiki/Jordan_Pickford,Everton,/wiki/Everton_F.C.,L,England
Defender,Ezri Konsa,/wiki/Ezri_Konsa,Aston Villa,/wiki/Aston_Villa_F.C.,L,England
Defender,Nico O'Reilly,/wiki/Nico_O%27Reilly,Manchester City,/wiki/Manchester_City_F.C.,L,England
Midfielder,Declan Rice,/wiki/Declan_Rice,Arsenal,/wiki/Arsenal_F.C.,L,England
Defender,John Stones,/wiki/John_Stones,Manchester City,/wiki/Manchester_City_F.C.,L,England
Defender,Marc Guéhi,/wiki/Marc_Gu%C3%A9hi,Manchester City,/wiki/Manchester_City_F.C.,L,England
Forward,Bukayo Saka,/wiki/Bukayo_Saka,Arsenal,/wiki/Arsenal_F.C.,L,England
Midfielder,Elliot Anderson,/wiki/Elliot_Anderson_(footballer),Nottingham Forest,/wiki/Nottingham_Forest_F.C.,L,England
Forward,Harry Kane,/wiki/Harry_Kane,Bayern Munich,/wiki/FC_Bayern_Munich,L,England
Midfielder,Jude Bellingham,/wiki/Jude_Bellingham,Real Madrid,/wiki/Real_Madrid_CF,L,England
Forward,Marcus Rashford,/wiki/Marcus_Rashford,Barcelona,/wiki/FC_Barcelona,L,England
Defender,Trevoh Chalobah,/wiki/Trevoh_Chalobah,Chelsea,/wiki/Chelsea_F.C.,L,England
Goalkeeper,Dean Henderson,/wiki/Dean_Henderson,Crystal Palace,/wiki/Crystal_Palace_F.C.,L,England
Midfielder,Jordan Henderson,/wiki/Jordan_Henderson,Brentford,/wiki/Brentford_F.C.,L,England
Defender,Dan Burn,/wiki/Dan_Burn,Newcastle United,/wiki/Newcastle_United_F.C.,L,England
Midfielder,Kobbie Mainoo,/wiki/Kobbie_Mainoo,Manchester United,/wiki/Manchester_United_F.C.,L,England
Midfielder,Morgan Rogers,/wiki/Morgan_Rogers,Aston Villa,/wiki/Aston_Villa_F.C.,L,England
Forward,Anthony Gordon,/wiki/Anthony_Gordon_(footballer),Newcastle United,/wiki/Newcastle_United_F.C.,L,England
Forward,Ollie Watkins,/wiki/Ollie_Watkins,Aston Villa,/wiki/Aston_Villa_F.C.,L,England
Forward,Noni Madueke,/wiki/Noni_Madueke,Arsenal,/wiki/Arsenal_F.C.,L,England
Midfielder,Eberechi Eze,/wiki/Eberechi_Eze,Arsenal,/wiki/Arsenal_F.C.,L,England
Forward,Ivan Toney,/wiki/Ivan_Toney,Al-Ahli,/wiki/Al-Ahli_Saudi_FC,L,England
Goalkeeper,James Trafford,/wiki/James_Trafford,Manchester City,/wiki/Manchester_City_F.C.,L,England
Defender,Reece James,/wiki/Reece_James,Chelsea,/wiki/Chelsea_F.C.,L,England
Defender,Djed Spence,/wiki/Djed_Spence,Tottenham Hotspur,/wiki/Tottenham_Hotspur_F.C.,L,England
Defender,Jarell Quansah,/wiki/Jarell_Quansah,Bayer Leverkusen,/wiki/Bayer_04_Leverkusen,L,England
Goalkeeper,Lawrence Ati-Zigi,/wiki/Lawrence_Ati-Zigi,St. Gallen,/wiki/FC_St._Gallen,L,Ghana
Defender,Alidu Seidu,/wiki/Alidu_Seidu,Rennes,/wiki/Stade_Rennais_FC,L,Ghana
Midfielder,Caleb Yirenkyi,/wiki/Caleb_Yirenkyi,Nordsjælland,/wiki/FC_Nordsj%C3%A6lland,L,Ghana
Defender,Jonas Adjetey,/wiki/Jonas_Adjetey,VfL Wolfsburg,/wiki/VfL_Wolfsburg,L,Ghana
Midfielder,Thomas Partey,/wiki/Thomas_Partey,Villarreal,/wiki/Villarreal_CF,L,Ghana
Defender,Abdul Mumin,/wiki/Abdul_Mumin,Rayo Vallecano,/wiki/Rayo_Vallecano,L,Ghana
Forward,Abdul Fatawu,/wiki/Abdul_Fatawu,Leicester City,/wiki/Leicester_City_F.C.,L,Ghana
Midfielder,Kwasi Sibo,/wiki/Kwasi_Sibo,Oviedo,/wiki/Real_Oviedo,L,Ghana
Forward,Jordan Ayew,/wiki/Jordan_Ayew,Leicester City,/wiki/Leicester_City_F.C.,L,Ghana
Forward,Brandon Thomas-Asante,/wiki/Brandon_Thomas-Asante,Coventry City,/wiki/Coventry_City_F.C.,L,Ghana
Midfielder,Antoine Semenyo,/wiki/Antoine_Semenyo,Manchester City,/wiki/Manchester_City_F.C.,L,Ghana
Goalkeeper,Joseph Anang,/wiki/Joseph_Anang,St Patrick's Athletic,/wiki/St_Patrick%27s_Athletic_F.C.,L,Ghana
Forward,Christopher Bonsu Baah,/wiki/Christopher_Bonsu_Baah,Al-Qadsiah,/wiki/Al_Qadsiah_FC,L,Ghana
Defender,Gideon Mensah,"/wiki/Gideon_Mensah_(footballer,_born_1998)",Auxerre,/wiki/AJ_Auxerre,L,Ghana
Midfielder,Elisha Owusu,/wiki/Elisha_Owusu,Auxerre,/wiki/AJ_Auxerre,L,Ghana
Goalkeeper,Benjamin Asare,/wiki/Benjamin_Asare,Hearts of Oak,/wiki/Accra_Hearts_of_Oak_S.C.,L,Ghana
Defender,Abdul Rahman Baba,/wiki/Abdul_Rahman_Baba,PAOK,/wiki/PAOK_FC,L,Ghana
Defender,Jerome Opoku,/wiki/Jerome_Opoku,İstanbul Başakşehir,/wiki/%C4%B0stanbul_Ba%C5%9Fak%C5%9Fehir_F.K.,L,Ghana
Forward,Iñaki Williams,/wiki/I%C3%B1aki_Williams,Athletic Bilbao,/wiki/Athletic_Bilbao,L,Ghana
Midfielder,Augustine Boakye,/wiki/Augustine_Boakye,Saint-Étienne,/wiki/AS_Saint-%C3%89tienne,L,Ghana
Defender,Kojo Peprah Oppong,/wiki/Kojo_Peprah_Oppong,Nice,/wiki/OGC_Nice,L,Ghana
Forward,Kamaldeen Sulemana,/wiki/Kamaldeen_Sulemana,Atalanta,/wiki/Atalanta_BC,L,Ghana
Defender,Derrick Luckassen,/wiki/Derrick_Luckassen,Pafos,/wiki/Pafos_FC,L,Ghana
Forward,Ernest Nuamah,/wiki/Ernest_Nuamah,Lyon,/wiki/Olympique_Lyonnais,L,Ghana
Forward,Prince Kwabena Adu,/wiki/Prince_Kwabena_Adu,Viktoria Plzeň,/wiki/FC_Viktoria_Plze%C5%88,L,Ghana
Defender,Marvin Senaya,/wiki/Marvin_Senaya,Auxerre,/wiki/AJ_Auxerre,L,Ghana
Goalkeeper,Luis Mejía,/wiki/Luis_Mej%C3%ADa,Nacional,/wiki/Club_Nacional_de_Football,L,Panama
Defender,César Blackman,/wiki/C%C3%A9sar_Blackman,Slovan Bratislava,/wiki/%C5%A0K_Slovan_Bratislava,L,Panama
Defender,José Córdoba,/wiki/Jos%C3%A9_C%C3%B3rdoba,Norwich City,/wiki/Norwich_City_F.C.,L,Panama
Defender,Fidel Escobar,/wiki/Fidel_Escobar,Saprissa,/wiki/Deportivo_Saprissa,L,Panama
Defender,Edgardo Fariña,/wiki/Edgardo_Fari%C3%B1a,Pari Nizhny Novgorod,/wiki/FC_Pari_Nizhny_Novgorod,L,Panama
Midfielder,Cristian Martínez,/wiki/Cristian_Mart%C3%ADnez_(Panamanian_footballer),Ironi Kiryat Shmona,/wiki/Hapoel_Ironi_Kiryat_Shmona_F.C.,L,Panama
Midfielder,José Luis Rodríguez,"/wiki/Jos%C3%A9_Luis_Rodr%C3%ADguez_(footballer,_born_1998)",Juárez,/wiki/FC_Ju%C3%A1rez,L,Panama
Midfielder,Adalberto Carrasquilla,/wiki/Adalberto_Carrasquilla,Pumas UNAM,/wiki/Pumas_UNAM,L,Panama
Forward,Tomás Rodríguez,/wiki/Tom%C3%A1s_Rodr%C3%ADguez_(footballer),Saprissa,/wiki/Deportivo_Saprissa,L,Panama
Midfielder,Ismael Díaz,"/wiki/Ismael_D%C3%ADaz_(footballer,_born_1997)",León,/wiki/Club_Le%C3%B3n,L,Panama
Midfielder,Yoel Bárcenas,/wiki/Yoel_B%C3%A1rcenas,Mazatlán,/wiki/Mazatl%C3%A1n_F.C.,L,Panama
Goalkeeper,César Samudio,/wiki/C%C3%A9sar_Samudio,Marathón,/wiki/C.D._Marath%C3%B3n,L,Panama
Defender,Jiovany Ramos,/wiki/Jiovany_Ramos,Puerto Cabello,/wiki/Academia_Puerto_Cabello,L,Panama
Defender,Carlos Harvey,/wiki/Carlos_Harvey,Minnesota United FC,/wiki/Minnesota_United_FC,L,Panama
Defender,Eric Davis,/wiki/Eric_Davis_(Panamanian_footballer),Plaza Amador,/wiki/C.D._Plaza_Amador,L,Panama
Defender,Andrés Andrade,"/wiki/Andr%C3%A9s_Andrade_(footballer,_born_1998)",LASK,/wiki/LASK,L,Panama
Forward,José Fajardo,/wiki/Jos%C3%A9_Fajardo_(footballer),Universidad Católica,/wiki/C.D._Universidad_Cat%C3%B3lica_(Ecuador),L,Panama
Forward,Cecilio Waterman,/wiki/Cecilio_Waterman,Universidad de Concepción,/wiki/C.D._Universidad_de_Concepci%C3%B3n,L,Panama
Midfielder,Alberto Quintero,/wiki/Alberto_Quintero_(footballer),Plaza Amador,/wiki/C.D._Plaza_Amador,L,Panama
Midfielder,Aníbal Godoy,/wiki/An%C3%ADbal_Godoy,San Diego FC,/wiki/San_Diego_FC,L,Panama
Midfielder,César Yanis,/wiki/C%C3%A9sar_Yanis,Cobresal,/wiki/Cobresal,L,Panama
Goalkeeper,Orlando Mosquera,/wiki/Orlando_Mosquera,Al-Fayha,/wiki/Al-Fayha_Club,L,Panama
Defender,Michael Amir Murillo,/wiki/Michael_Amir_Murillo,Beşiktaş,/wiki/Be%C5%9Fikta%C5%9F_J.K.,L,Panama
Forward,Azarias Londoño,/wiki/Azarias_Londo%C3%B1o,Universidad Católica,/wiki/C.D._Universidad_Cat%C3%B3lica_(Ecuador),L,Panama
Defender,Roderick Miller,/wiki/Roderick_Miller_(footballer),Turan Tovuz,/wiki/Turan_Tovuz,L,Panama
Defender,Jorge Gutiérrez,/wiki/Jorge_Guti%C3%A9rrez_(footballer),Deportivo La Guaira,/wiki/Deportivo_La_Guaira_F.C.,L,Panama
